codigo,nome,unidade_programacao,tipo_unidade
ACCGR,"ACCIONA Green Energy Developments, SL - Sucursal em Portugal",ACCGC02,Comercialização
ADXRE,"Audax Renovables, S.A.",ADREC02,Comercialização
AGLUZ,"ÁGORALUZ Energia, Lda.",AGLC02,Comercialização
ALDRP,"Aldro Energia y Soluciones, S.L.U. - Sucursal em Portugal",ALDRC02,Comercialização
ALFAE,"ALFA Energia, Lda.",ALFAC02,Comercialização
AREPO,"Audax Renovables, S.A. - Sucursal Portugal",AREPC02,Comercialização
AXPOP,"AXPO Portugal Unipessoal, Lda.",AXPOC02,Comercialização
CEPSP,"Cepsa Gas y Electricidad, S.A. - Sucursal Portugal",CEPSC02,Comercialização
EDPGM,EDP - Energias de Portugal,EDPGPR2,Produção Regime Especial
EDPSU,EDP Serviço Universal,EDPUC2,Comercialização
EGLE,AXPO IBERIA,EGLEC2,Comercialização
ELERG,"Elergone Energia, Lda.",ELERC02,Comercialização
ENDP,Endesa Energia Portugal,ENDPC2,Comercialização
ENFOR,"ENFORCESCO, S.A.",ENFOC02,Comercialização
ENGNE,"Capwatt Retail Electricidade PT, S.A.",ENGNC02,Comercialização
EZURI,"Ezurimbol - Comércio de Electricidade, Lda.",EZURC02,Comercialização
FORTI,Fortia Energia,FORTIC2,Comercialização
G9TEL,"G9Telecom, S.A.",G9TEC02,Comercialização
GALPW,Galp Power,GALPWC2,Comercialização
GNCO,Gás Natural Comercializadora,GNCOC02,Comercialização
GNSE,"Naturgy Iberia, Sociedad Anonima",GNSEC02,Comercialização
GOLDE,"Goldenergy - Comercializadora de Energia, S.A.",GOLDC02,Comercialização
IBELE,"Ibelectra Mercados, Lda.",IBLEC02,Comercialização
IBGES,"Iberdrola Generación España, S.A.",IGESC02,Comercialização
JAFP,"JAFPlus, Lda.",JAFPC02,Comercialização
LOGIC,"Logica Energy, Lda.",LOGIC02,Comercialização
LUSIA,"LUSIADAENERGIA, S.A.",LUSIC02,Comercialização
LUZBO,"LUZBOA - Comercialização de Energia, Unipessoal, Lda.",LUZBC02,Comercialização
MUON,"MUON Electric, Lda.",MUONC02,Comercialização
NOVAE,"Nossa Energia - Comércio de Energia, Lda.",NOVAC02,Comercialização
OENEO,"OENEO Energy, Lda.",OENC02,Comercialização
ONDEM,"On Demand Facilities, S.L.U.",ONDEC02,Comercialização
PETEN,"Petrotermica Energia, S.A.",PETEC02,Comercialização
PORTU,"Portulogos Power, S.A.",PORTC02,Comercialização
PROPE,"PropensAlternativa - Unipessoal, Lda.",PROPC02,Comercialização
PTLIV,"MEO ENERGIA - Comercialização de Energia, S.A",PTLIC02,Comercialização
PWPLS,"Power Plus II - Comercialização de Energia, S.A.",PWPC02,Comercialização
REPPT,"REPSOL Portuguesa, Lda.",REPPC02,Comercialização
RIVER,"River Energy, Unip. Lda.",RIVEC02,Comercialização
SIMPE,"Simples Energía de Espana, S.L.",SIMPV02,Produção Regime Especial
START,"Start Campus Energy, Unip. Lda.",STAC02,Comercialização
SUNCO,"SUNCORE ER-Energy Retail, Unipessoal Lda.",SUNC02,Comercialização
USENE,"USENERGY, Lda.",USENC02,Comercialização
VOLTN,"VOLTON - Energia e Soluções, Lda.",VOLNC02,Comercialização
ZUGPW,"ZUG Power, S.L.",ZUGPC02,Comercialização
