dia,data_iso,periodo,intervalo,data_utc,consumo_mwh,erc_total_eur,erc_total_eur_mwh,rt_pdbf_eur,rt_pdbf_eur_mwh,rt_pdvd_eur,rt_pdvd_eur_mwh,rt_phf_eur,rt_phf_eur_mwh,banda_afrr_eur,banda_afrr_eur_mwh,banda_mfrr_eur,banda_mfrr_eur_mwh,outros_eur,outros_eur_mwh
01/10/2026,2026-10-01,1,[23:00-23:15[,2026-09-30 22:00,1534.29,10061.11,6.558,,,,,,,6450.72,4.204,2295.125,1.496,1315.265,0.857
01/10/2026,2026-10-01,2,[23:15-23:30[,2026-09-30 22:15,1494.485,10767.59,7.205,,,,,,,6472.1,4.331,2196.298,1.47,2099.192,1.405
01/10/2026,2026-10-01,3,[23:30-23:45[,2026-09-30 22:30,1455.06,11246.798,7.729,,,,,,,6472.1,4.448,2313.596,1.59,2461.102,1.691
01/10/2026,2026-10-01,4,[23:45-00:00[,2026-09-30 22:45,1423.728,11748.014,8.252,,,,,,,6472.1,4.546,2348.048,1.649,2927.865,2.056
01/10/2026,2026-10-01,5,[00:00-00:15[,2026-09-30 23:00,1406.4,8831.345,6.279,,,,,,,6462.2,4.595,2397.736,1.705,-28.591,-0.02
01/10/2026,2026-10-01,6,[00:15-00:30[,2026-09-30 23:15,1383.309,5242.178,3.79,,,,,,,6462.2,4.672,2346.731,1.696,-3566.753,-2.578
01/10/2026,2026-10-01,7,[00:30-00:45[,2026-09-30 23:30,1362.408,4716.813,3.462,,,,,,,6462.2,4.743,2278.591,1.672,-4023.977,-2.954
01/10/2026,2026-10-01,8,[00:45-01:00[,2026-09-30 23:45,1346.098,5786.123,4.298,,,,,,,6462.2,4.801,2405.799,1.787,-3081.875,-2.289
01/10/2026,2026-10-01,9,[01:00-01:15[,2026-10-01 00:00,1331.401,16158.771,12.137,,,,,,,5763.74,4.329,2405.727,1.807,7989.305,6.001
01/10/2026,2026-10-01,10,[01:15-01:30[,2026-10-01 00:15,1313.466,6889.481,5.245,,,,,,,6331.58,4.821,2320.298,1.767,-1762.397,-1.342
01/10/2026,2026-10-01,11,[01:30-01:45[,2026-10-01 00:30,1294.163,5761.254,4.452,,,,,,,6600.3,5.1,2398.168,1.853,-3237.214,-2.501
01/10/2026,2026-10-01,12,[01:45-02:00[,2026-10-01 00:45,1281.805,3979.008,3.104,,,,,,,6600.3,5.149,2462.099,1.921,-5083.392,-3.966
01/10/2026,2026-10-01,13,[02:00-02:15[,2026-10-01 01:00,1268.654,4539.518,3.578,,,,,,,5080.9,4.005,2510.125,1.979,-3051.507,-2.405
01/10/2026,2026-10-01,14,[02:15-02:30[,2026-10-01 01:15,1257.916,7421.752,5.9,,,,,,,5074.5,4.034,2354.704,1.872,-7.452,-0.006
01/10/2026,2026-10-01,15,[02:30-02:45[,2026-10-01 01:30,1250.373,6115.089,4.891,,,,,,,5178.48,4.142,2498.764,1.998,-1562.156,-1.249
01/10/2026,2026-10-01,16,[02:45-03:00[,2026-10-01 01:45,1243.412,7314.236,5.882,,,,,,,5178.48,4.165,2524.915,2.031,-389.158,-0.313
01/10/2026,2026-10-01,17,[03:00-03:15[,2026-10-01 02:00,1234.588,11440.592,9.267,,,,,,,8395.2,6.8,2398.809,1.943,646.584,0.524
01/10/2026,2026-10-01,18,[03:15-03:30[,2026-10-01 02:15,1228.183,11951.512,9.731,,,,,,,8395.2,6.835,2364.928,1.926,1191.384,0.97
01/10/2026,2026-10-01,19,[03:30-03:45[,2026-10-01 02:30,1224.619,14228.607,11.619,2053.107,1.677,,,,,10613.3,8.667,2400.028,1.96,-837.828,-0.684
01/10/2026,2026-10-01,20,[03:45-04:00[,2026-10-01 02:45,1215.836,16452.174,13.532,3089.35,2.541,,,,,10613.3,8.729,2391.177,1.967,358.347,0.295
01/10/2026,2026-10-01,21,[04:00-04:15[,2026-10-01 03:00,1229.186,15031.184,12.229,3339.238,2.717,,,,,9752.2,7.934,3551.518,2.889,-1611.773,-1.311
01/10/2026,2026-10-01,22,[04:15-04:30[,2026-10-01 03:15,1225.398,15984.184,13.044,3352.603,2.736,,,,,9776.2,7.978,3548.912,2.896,-693.531,-0.566
01/10/2026,2026-10-01,23,[04:30-04:45[,2026-10-01 03:30,1226.997,20727.996,16.893,3263.362,2.66,,,,,9752.2,7.948,3534.453,2.881,4177.982,3.405
01/10/2026,2026-10-01,24,[04:45-05:00[,2026-10-01 03:45,1226.203,3314.567,2.703,,,,,,,5074.5,4.138,3567.076,2.909,-5327.009,-4.344
01/10/2026,2026-10-01,25,[05:00-05:15[,2026-10-01 04:00,1233.396,10610.997,8.603,,,,,,,6043.5,4.9,3477.013,2.819,1090.485,0.884
01/10/2026,2026-10-01,26,[05:15-05:30[,2026-10-01 04:15,1247.002,8269.082,6.631,,,,,,,5519.65,4.426,3566.091,2.86,-816.659,-0.655
01/10/2026,2026-10-01,27,[05:30-05:45[,2026-10-01 04:30,1272.513,9721.344,7.639,,,,,,,5519.65,4.338,4473.063,3.515,-271.369,-0.213
01/10/2026,2026-10-01,28,[05:45-06:00[,2026-10-01 04:45,1266.565,10141.755,8.007,,,,,,,5519.65,4.358,3792.28,2.994,829.824,0.655
01/10/2026,2026-10-01,29,[06:00-06:15[,2026-10-01 05:00,1308.251,-1039.826,-0.795,,,,,,,2941.76,2.249,3844.218,2.938,-7825.804,-5.982
01/10/2026,2026-10-01,30,[06:15-06:30[,2026-10-01 05:15,1344.27,-538.738,-0.401,,,,,,,2080.77,1.548,3683.634,2.74,-6303.142,-4.689
01/10/2026,2026-10-01,31,[06:30-06:45[,2026-10-01 05:30,1394.665,2728.315,1.956,,,,,,,2222.75,1.594,4796.577,3.439,-4291.012,-3.077
01/10/2026,2026-10-01,32,[06:45-07:00[,2026-10-01 05:45,1435.211,-1817.108,-1.266,,,,,,,2607.35,1.817,4759.467,3.316,-9183.925,-6.399
01/10/2026,2026-10-01,33,[07:00-07:15[,2026-10-01 06:00,1481.605,5587.963,3.772,,,,,,,2677.6,1.807,4589.065,3.097,-1678.703,-1.133
01/10/2026,2026-10-01,34,[07:15-07:30[,2026-10-01 06:15,1522.193,2552.026,1.677,,,,,,,2640.66,1.735,4796.079,3.151,-4884.713,-3.209
01/10/2026,2026-10-01,35,[07:30-07:45[,2026-10-01 06:30,1549.483,11424.493,7.373,,,,,,,2787.88,1.799,4781.616,3.086,3854.996,2.488
01/10/2026,2026-10-01,36,[07:45-08:00[,2026-10-01 06:45,1578.918,16499.465,10.45,,,,,,,3768.71,2.387,4628.967,2.932,8101.787,5.131
01/10/2026,2026-10-01,37,[08:00-08:15[,2026-10-01 07:00,1638.939,2336.309,1.426,,,,,,,2869.18,1.751,4694.381,2.864,-5227.252,-3.189
01/10/2026,2026-10-01,38,[08:15-08:30[,2026-10-01 07:15,1672.049,6355.876,3.801,,,,,,,2489.95,1.489,4729.766,2.829,-863.84,-0.517
01/10/2026,2026-10-01,39,[08:30-08:45[,2026-10-01 07:30,1674.707,25537.332,15.249,3255.135,1.944,,,,,5379.4,3.212,4355.552,2.601,12547.245,7.492
01/10/2026,2026-10-01,40,[08:45-09:00[,2026-10-01 07:45,1673.118,39052.953,23.341,8146.342,4.869,,,,,11706.14,6.997,4675.055,2.794,14525.416,8.682
01/10/2026,2026-10-01,41,[09:00-09:15[,2026-10-01 08:00,1671.757,23458.138,14.032,5534.081,3.31,,,,,10726.84,6.417,4525.225,2.707,2671.992,1.598
01/10/2026,2026-10-01,42,[09:15-09:30[,2026-10-01 08:15,1675.012,41326.66,24.672,9240.771,5.517,,,,,28822.6,17.207,4762.985,2.844,-1499.696,-0.895
01/10/2026,2026-10-01,43,[09:30-09:45[,2026-10-01 08:30,1667.772,49607.586,29.745,10511.719,6.303,,,,,31486,18.879,4654.775,2.791,2955.092,1.772
01/10/2026,2026-10-01,44,[09:45-10:00[,2026-10-01 08:45,1641.68,45801.158,27.899,13369.268,8.144,,,,,27408.82,16.696,4429.326,2.698,593.744,0.362
01/10/2026,2026-10-01,45,[10:00-10:15[,2026-10-01 09:00,1604.83,42797.671,26.668,11751.049,7.322,,,,,26190.8,16.32,4479.887,2.792,375.935,0.234
01/10/2026,2026-10-01,46,[10:15-10:30[,2026-10-01 09:15,1585.078,43021.927,27.142,13553.819,8.551,,,,,24920.4,15.722,4273.498,2.696,274.21,0.173
01/10/2026,2026-10-01,47,[10:30-10:45[,2026-10-01 09:30,1571.443,46908.289,29.85,15313.477,9.745,,,,,27755.9,17.663,3686.458,2.346,152.453,0.097
01/10/2026,2026-10-01,48,[10:45-11:00[,2026-10-01 09:45,1576.827,49371.413,31.311,16142.68,10.237,,,,,28638.02,18.162,4081.206,2.588,509.507,0.323
01/10/2026,2026-10-01,49,[11:00-11:15[,2026-10-01 10:00,1562.829,49389.759,31.603,16052.496,10.271,,,,,29356.5,18.784,4080.085,2.611,-99.322,-0.064
01/10/2026,2026-10-01,50,[11:15-11:30[,2026-10-01 10:15,1542.364,50229.601,32.567,16874.841,10.941,,,,,31339.5,20.319,3845.41,2.493,-1830.15,-1.187
01/10/2026,2026-10-01,51,[11:30-11:45[,2026-10-01 10:30,1537.948,49926.215,32.463,17804.132,11.577,,,,,31315.72,20.362,4054.378,2.636,-3248.015,-2.112
01/10/2026,2026-10-01,52,[11:45-12:00[,2026-10-01 10:45,1536.951,52451.913,34.127,17502.051,11.388,,,,,30902.64,20.106,3929.103,2.556,118.119,0.077
01/10/2026,2026-10-01,53,[12:00-12:15[,2026-10-01 11:00,1513.745,51064.869,33.734,17483.671,11.55,,,,,29126.69,19.241,3904.915,2.58,549.593,0.363
01/10/2026,2026-10-01,54,[12:15-12:30[,2026-10-01 11:15,1496.662,50351.238,33.642,17481.607,11.68,,,,,29629.37,19.797,3962.172,2.647,-721.911,-0.482
01/10/2026,2026-10-01,55,[12:30-12:45[,2026-10-01 11:30,1466.945,50155.651,34.191,17503.238,11.932,,,,,29219.9,19.919,4021.227,2.741,-588.714,-0.401
01/10/2026,2026-10-01,56,[12:45-13:00[,2026-10-01 11:45,1445.156,51151.228,35.395,17917.735,12.398,,,,,29926.1,20.708,3713.341,2.57,-405.948,-0.281
01/10/2026,2026-10-01,57,[13:00-13:15[,2026-10-01 12:00,1437.892,51316.214,35.689,17937.471,12.475,,,,,29869.63,20.773,4075.611,2.834,-566.499,-0.394
01/10/2026,2026-10-01,58,[13:15-13:30[,2026-10-01 12:15,1425.684,50952.149,35.739,17927.854,12.575,,,,,29483.6,20.68,4175.086,2.928,-634.391,-0.445
01/10/2026,2026-10-01,59,[13:30-13:45[,2026-10-01 12:30,1434.964,50420.19,35.137,17926.383,12.493,,,,,29182.04,20.336,3751.184,2.614,-439.417,-0.306
01/10/2026,2026-10-01,60,[13:45-14:00[,2026-10-01 12:45,1443.042,50611.657,35.073,17917.759,12.417,,,,,29215.85,20.246,3952.386,2.739,-474.339,-0.329
01/10/2026,2026-10-01,61,[14:00-14:15[,2026-10-01 13:00,1470.228,47611.446,32.384,17505.476,11.907,,,,,28900.84,19.657,4160.47,2.83,-2955.34,-2.01
01/10/2026,2026-10-01,62,[14:15-14:30[,2026-10-01 13:15,1469.569,47923.294,32.61,17468.822,11.887,,,,,28795.48,19.595,4186.329,2.849,-2527.337,-1.72
01/10/2026,2026-10-01,63,[14:30-14:45[,2026-10-01 13:30,1486.59,49909.929,33.573,17648.828,11.872,,,,,29127.08,19.593,4230.643,2.846,-1096.622,-0.738
01/10/2026,2026-10-01,64,[14:45-15:00[,2026-10-01 13:45,1496.895,47904.391,32.003,16864.687,11.266,,,,,27800.95,18.572,4194.577,2.802,-955.822,-0.639
01/10/2026,2026-10-01,65,[15:00-15:15[,2026-10-01 14:00,1474.898,49187.701,33.35,17094.746,11.59,,,,,29122.2,19.745,3198.404,2.169,-227.65,-0.154
01/10/2026,2026-10-01,66,[15:15-15:30[,2026-10-01 14:15,1467.694,46098.137,31.409,16105.083,10.973,,,,,27532.18,18.759,2866.015,1.953,-405.141,-0.276
01/10/2026,2026-10-01,67,[15:30-15:45[,2026-10-01 14:30,1481.757,47395.168,31.986,15547.31,10.492,,,,,27482.5,18.547,3048.06,2.057,1317.298,0.889
01/10/2026,2026-10-01,68,[15:45-16:00[,2026-10-01 14:45,1497.001,42923.235,28.673,13820.92,9.232,,,,,24585,16.423,3028.893,2.023,1488.422,0.994
01/10/2026,2026-10-01,69,[16:00-16:15[,2026-10-01 15:00,1483.073,46546.406,31.385,15636.778,10.543,,,,,28651.2,19.319,2376.244,1.602,-117.816,-0.079
01/10/2026,2026-10-01,70,[16:15-16:30[,2026-10-01 15:15,1525.494,47274.614,30.99,14000.965,9.178,,,,,30713.2,20.133,3077.318,2.017,-516.869,-0.339
01/10/2026,2026-10-01,71,[16:30-16:45[,2026-10-01 15:30,1546.753,42689.631,27.6,12219.745,7.9,,,,,25605,16.554,3124.86,2.02,1740.026,1.125
01/10/2026,2026-10-01,72,[16:45-17:00[,2026-10-01 15:45,1569.051,43315.873,27.606,10404.513,6.631,,,,,31066.2,19.799,3259.491,2.077,-1414.332,-0.901
01/10/2026,2026-10-01,73,[17:00-17:15[,2026-10-01 16:00,1551.338,42921.574,27.667,10436.455,6.727,,,,,28260,18.217,2212.482,1.426,2012.637,1.297
01/10/2026,2026-10-01,74,[17:15-17:30[,2026-10-01 16:15,1571.45,40568.521,25.816,9758.145,6.21,,,,,26548.36,16.894,2212.883,1.408,2049.133,1.304
01/10/2026,2026-10-01,75,[17:30-17:45[,2026-10-01 16:30,1577.317,30532.85,19.357,7246.854,4.594,,,,,19472.85,12.346,2251.26,1.427,1561.886,0.99
01/10/2026,2026-10-01,76,[17:45-18:00[,2026-10-01 16:45,1605.661,5387.885,3.356,,,,,,,7129.18,4.44,2383.411,1.484,-4124.706,-2.569
01/10/2026,2026-10-01,77,[18:00-18:15[,2026-10-01 17:00,1629.248,32033.529,19.662,1972.814,1.211,13570.025,8.329,,,14739.08,9.047,2422.656,1.487,-671.046,-0.412
01/10/2026,2026-10-01,78,[18:15-18:30[,2026-10-01 17:15,1670.281,24131.97,14.448,,,13570.025,8.124,,,14617.15,8.751,2418.951,1.448,-6474.156,-3.876
01/10/2026,2026-10-01,79,[18:30-18:45[,2026-10-01 17:30,1708.131,4744.289,2.777,,,13570.025,7.944,,,3878.07,2.27,2387.976,1.398,-15091.782,-8.835
01/10/2026,2026-10-01,80,[18:45-19:00[,2026-10-01 17:45,1748.692,11500.253,6.576,,,13570.025,7.76,,,4826.46,2.76,2405.056,1.375,-9301.288,-5.319
01/10/2026,2026-10-01,81,[19:00-19:15[,2026-10-01 18:00,1784.263,11805.58,6.617,,,13570.025,7.605,,,2369.85,1.328,2301.362,1.29,-6435.657,-3.607
01/10/2026,2026-10-01,82,[19:15-19:30[,2026-10-01 18:15,1841.154,16014.712,8.698,,,13570.025,7.37,,,5025.24,2.729,2320.815,1.261,-4901.368,-2.662
01/10/2026,2026-10-01,83,[19:30-19:45[,2026-10-01 18:30,1899.783,4946.347,2.604,,,13570.025,7.143,,,2208.2,1.162,2287.717,1.204,-13119.595,-6.906
01/10/2026,2026-10-01,84,[19:45-20:00[,2026-10-01 18:45,1916.285,11784.403,6.15,,,13570.025,7.081,,,2839.74,1.482,2282.047,1.191,-6907.409,-3.605
01/10/2026,2026-10-01,85,[20:00-20:15[,2026-10-01 19:00,1891.675,15141.198,8.004,,,13570.025,7.174,,,3307.48,1.748,2316.909,1.225,-4053.216,-2.143
01/10/2026,2026-10-01,86,[20:15-20:30[,2026-10-01 19:15,1859.251,21438.361,11.531,,,13570.025,7.299,,,2479.88,1.334,2255.006,1.213,3133.45,1.685
01/10/2026,2026-10-01,87,[20:30-20:45[,2026-10-01 19:30,1835.451,25127.206,13.69,,,13570.025,7.393,,,2328.76,1.269,2288.396,1.247,6940.025,3.781
01/10/2026,2026-10-01,88,[20:45-21:00[,2026-10-01 19:45,1812.856,17126.146,9.447,,,13570.025,7.485,,,1381.13,0.762,2242.214,1.237,-67.224,-0.037
01/10/2026,2026-10-01,89,[21:00-21:15[,2026-10-01 20:00,1771.071,16570.441,9.356,,,13570.025,7.662,,,2457.96,1.388,2245.712,1.268,-1703.256,-0.962
01/10/2026,2026-10-01,90,[21:15-21:30[,2026-10-01 20:15,1733.194,13250.802,7.645,,,13570.025,7.829,,,1188.75,0.686,2268.696,1.309,-3776.669,-2.179
01/10/2026,2026-10-01,91,[21:30-21:45[,2026-10-01 20:30,1700.047,15153.296,8.913,,,13570.025,7.982,,,2000.83,1.177,2321.432,1.366,-2738.991,-1.611
01/10/2026,2026-10-01,92,[21:45-22:00[,2026-10-01 20:45,1667.379,16021.105,9.609,,,13570.025,8.139,,,2421.11,1.452,2285.605,1.371,-2255.635,-1.353
01/10/2026,2026-10-01,93,[22:00-22:15[,2026-10-01 21:00,1643.453,6500.4,3.955,,,,,,,4554.77,2.771,2352.679,1.432,-407.049,-0.248
01/10/2026,2026-10-01,94,[22:15-22:30[,2026-10-01 21:15,1618.301,7737.257,4.781,,,,,,,5221.5,3.227,2352.679,1.454,163.078,0.101
01/10/2026,2026-10-01,95,[22:30-22:45[,2026-10-01 21:30,1587.754,8987.004,5.66,328.917,0.207,,,,,4938.35,3.11,2352.31,1.482,1367.427,0.861
01/10/2026,2026-10-01,96,[22:45-23:00[,2026-10-01 21:45,1552.245,11265.875,7.258,2679.989,1.727,,,,,6520.1,4.2,2306.931,1.486,-241.145,-0.155
02/10/2026,2026-10-02,1,[23:00-23:15[,2026-10-01 22:00,1511.283,8656.159,5.728,,,,,,,6706.45,4.438,2083.385,1.379,-133.676,-0.088
02/10/2026,2026-10-02,2,[23:15-23:30[,2026-10-01 22:15,1475.599,12290.077,8.329,1658.292,1.124,,,,,7033.45,4.767,2261.864,1.533,1336.471,0.906
02/10/2026,2026-10-02,3,[23:30-23:45[,2026-10-01 22:30,1443.046,12883.083,8.928,2177.492,1.509,,,,,7741.45,5.365,2289.522,1.587,674.619,0.467
02/10/2026,2026-10-02,4,[23:45-00:00[,2026-10-01 22:45,1407.801,14914.215,10.594,2335.342,1.659,,,,,7957.45,5.652,2246.984,1.596,2374.44,1.687
02/10/2026,2026-10-02,5,[00:00-00:15[,2026-10-01 23:00,1384.806,11073.139,7.996,2305.106,1.665,,,,,6900.5,4.983,2201.797,1.59,-334.263,-0.241
02/10/2026,2026-10-02,6,[00:15-00:30[,2026-10-01 23:15,1364.403,8696.2,6.374,2431.056,1.782,,,,,7061.81,5.176,2106.967,1.544,-2903.633,-2.128
02/10/2026,2026-10-02,7,[00:30-00:45[,2026-10-01 23:30,1348.623,12223.313,9.064,2591.291,1.921,,,,,7203.31,5.341,2176.875,1.614,251.836,0.187
02/10/2026,2026-10-02,8,[00:45-01:00[,2026-10-01 23:45,1328.888,8604.628,6.475,2765.458,2.081,,,,,7435.37,5.595,2121.684,1.597,-3717.883,-2.798
02/10/2026,2026-10-02,9,[01:00-01:15[,2026-10-02 00:00,1312.237,7714.626,5.879,2683.703,2.045,,,,,6653.06,5.07,2092.045,1.594,-3714.181,-2.83
02/10/2026,2026-10-02,10,[01:15-01:30[,2026-10-02 00:15,1293.639,5764.004,4.456,2790.953,2.157,,,,,6778.5,5.24,2081.452,1.609,-5886.901,-4.551
02/10/2026,2026-10-02,11,[01:30-01:45[,2026-10-02 00:30,1272.756,7136.75,5.607,2767.303,2.174,,,,,6605.35,5.19,2018.179,1.586,-4254.081,-3.342
02/10/2026,2026-10-02,12,[01:45-02:00[,2026-10-02 00:45,1258.957,10841.528,8.612,2765.103,2.196,,,,,6602.79,5.245,2139.594,1.699,-665.958,-0.529
02/10/2026,2026-10-02,13,[02:00-02:15[,2026-10-02 01:00,1248.601,11170.582,8.946,2830.003,2.267,,,,,6438.87,5.157,2176.721,1.743,-275.012,-0.22
02/10/2026,2026-10-02,14,[02:15-02:30[,2026-10-02 01:15,1234.444,11868.687,9.615,2872.903,2.327,,,,,6485.8,5.254,2177.539,1.764,332.445,0.269
02/10/2026,2026-10-02,15,[02:30-02:45[,2026-10-02 01:30,1222.994,11911.125,9.739,2756.853,2.254,,,,,6354.89,5.196,2070.508,1.693,728.875,0.596
02/10/2026,2026-10-02,16,[02:45-03:00[,2026-10-02 01:45,1215.517,11520.57,9.478,2779.953,2.287,,,,,6382.06,5.25,1993.418,1.64,365.139,0.3
02/10/2026,2026-10-02,17,[03:00-03:15[,2026-10-02 02:00,1210.649,11901.52,9.831,2685.353,2.218,,,,,6214.29,5.133,2077.423,1.716,924.454,0.764
02/10/2026,2026-10-02,18,[03:15-03:30[,2026-10-02 02:15,1206.319,12353.044,10.24,2674.353,2.217,,,,,6202.09,5.141,2131.448,1.767,1345.154,1.115
02/10/2026,2026-10-02,19,[03:30-03:45[,2026-10-02 02:30,1198.035,15956.329,13.319,2732.458,2.281,,,,,6408.06,5.349,2188.923,1.827,4626.888,3.862
02/10/2026,2026-10-02,20,[03:45-04:00[,2026-10-02 02:45,1190.147,12024.393,10.103,2437.12,2.048,,,,,6129.9,5.151,2211.235,1.858,1246.139,1.047
02/10/2026,2026-10-02,21,[04:00-04:15[,2026-10-02 03:00,1188.29,11745.516,9.884,2649.958,2.23,,,,,6317.77,5.317,2228.844,1.876,548.944,0.462
02/10/2026,2026-10-02,22,[04:15-04:30[,2026-10-02 03:15,1185.371,9349.876,7.888,2223.184,1.876,,,,,5883.54,4.963,2322.527,1.959,-1079.375,-0.911
02/10/2026,2026-10-02,23,[04:30-04:45[,2026-10-02 03:30,1184.582,6750.953,5.699,,,,,,,4982.45,4.206,2333.001,1.969,-564.498,-0.477
02/10/2026,2026-10-02,24,[04:45-05:00[,2026-10-02 03:45,1187.558,7407.165,6.237,,,,,,,4495.51,3.786,2335,1.966,576.655,0.486
02/10/2026,2026-10-02,25,[05:00-05:15[,2026-10-02 04:00,1195.601,8980.497,7.511,,,4425.503,3.701,,,4334.49,3.625,2306.529,1.929,-2086.024,-1.745
02/10/2026,2026-10-02,26,[05:15-05:30[,2026-10-02 04:15,1197.861,12591.619,10.512,,,5041.53,4.209,,,3739.94,3.122,2318.76,1.936,1491.388,1.245
02/10/2026,2026-10-02,27,[05:30-05:45[,2026-10-02 04:30,1206.875,10027.061,8.308,,,6752.718,5.595,,,3739.94,3.099,2337.471,1.937,-2803.068,-2.323
02/10/2026,2026-10-02,28,[05:45-06:00[,2026-10-02 04:45,1220.054,4313.996,3.536,,,13734.363,11.257,,,3739.94,3.065,2325.123,1.906,-15485.429,-12.692
02/10/2026,2026-10-02,29,[06:00-06:15[,2026-10-02 05:00,1268.383,18046.01,14.228,,,13734.363,10.828,,,3530.64,2.784,2279.047,1.797,-1498.039,-1.181
02/10/2026,2026-10-02,30,[06:15-06:30[,2026-10-02 05:15,1300.866,2758.561,2.121,,,13734.363,10.558,,,3590.7,2.76,2204.608,1.695,-16771.109,-12.892
02/10/2026,2026-10-02,31,[06:30-06:45[,2026-10-02 05:30,1333.873,-18449.791,-13.832,,,13734.363,10.297,,,3535.66,2.651,2209.752,1.657,-37929.566,-28.436
02/10/2026,2026-10-02,32,[06:45-07:00[,2026-10-02 05:45,1372.822,-375.514,-0.274,,,13734.363,10.004,,,3535.66,2.575,2207.442,1.608,-19852.979,-14.461
02/10/2026,2026-10-02,33,[07:00-07:15[,2026-10-02 06:00,1429.828,-773.695,-0.541,,,13734.363,9.606,,,8208.49,5.741,2205.066,1.542,-24921.613,-17.43
02/10/2026,2026-10-02,34,[07:15-07:30[,2026-10-02 06:15,1459.712,-1374.19,-0.941,,,13734.363,9.409,,,8208.49,5.623,2113.387,1.448,-25430.43,-17.422
02/10/2026,2026-10-02,35,[07:30-07:45[,2026-10-02 06:30,1483.957,7557.317,5.093,,,13734.363,9.255,,,3738.49,2.519,2127.861,1.434,-12043.397,-8.116
02/10/2026,2026-10-02,36,[07:45-08:00[,2026-10-02 06:45,1506.852,-1539.463,-1.022,,,13734.363,9.115,,,3738.49,2.481,2093.846,1.39,-21106.161,-14.007
02/10/2026,2026-10-02,37,[08:00-08:15[,2026-10-02 07:00,1573.203,-15498.532,-9.852,,,13734.363,8.73,,,3728.48,2.37,2121.236,1.348,-35082.611,-22.3
02/10/2026,2026-10-02,38,[08:15-08:30[,2026-10-02 07:15,1598.709,6991.089,4.373,,,13734.363,8.591,,,4432.97,2.773,2125.829,1.33,-13302.072,-8.321
02/10/2026,2026-10-02,39,[08:30-08:45[,2026-10-02 07:30,1610.379,15737.024,9.772,2732.785,1.697,13734.363,8.529,,,7315.86,4.543,2178.178,1.353,-10224.161,-6.349
02/10/2026,2026-10-02,40,[08:45-09:00[,2026-10-02 07:45,1609.309,31288.926,19.442,6119.5,3.803,13734.363,8.534,,,11042.91,6.862,2152.563,1.338,-1760.41,-1.094
02/10/2026,2026-10-02,41,[09:00-09:15[,2026-10-02 08:00,1629.513,4900.668,3.007,2649.199,1.626,,,,,10909.24,6.695,2964.577,1.819,-11622.348,-7.132
02/10/2026,2026-10-02,42,[09:15-09:30[,2026-10-02 08:15,1633.607,18770.75,11.49,6158.135,3.77,,,,,14720.26,9.011,3411.749,2.088,-5519.393,-3.379
02/10/2026,2026-10-02,43,[09:30-09:45[,2026-10-02 08:30,1617.627,30351.021,18.763,7974.426,4.93,,,,,16492.1,10.195,3150.546,1.948,2733.949,1.69
02/10/2026,2026-10-02,44,[09:45-10:00[,2026-10-02 08:45,1610.109,28663.546,17.802,9537.381,5.923,,,,,17392.34,10.802,3367.781,2.092,-1633.956,-1.015
02/10/2026,2026-10-02,45,[10:00-10:15[,2026-10-02 09:00,1579.442,38153.081,24.156,9433.105,5.972,,,,,27110.15,17.164,2962.219,1.875,-1352.392,-0.856
02/10/2026,2026-10-02,46,[10:15-10:30[,2026-10-02 09:15,1592.833,35309.902,22.168,10080.227,6.328,,,,,26492.94,16.633,3551.376,2.23,-4814.64,-3.023
02/10/2026,2026-10-02,47,[10:30-10:45[,2026-10-02 09:30,1603.554,40839.171,25.468,10144.31,6.326,,,,,27110.15,16.906,4398.428,2.743,-813.718,-0.507
02/10/2026,2026-10-02,48,[10:45-11:00[,2026-10-02 09:45,1587.699,40639.94,25.597,10165.242,6.402,,,,,27145.16,17.097,4246.565,2.675,-917.027,-0.578
02/10/2026,2026-10-02,49,[11:00-11:15[,2026-10-02 10:00,1595.528,31578.237,19.792,10138.151,6.354,,,,,26915.13,16.869,4459.273,2.795,-9934.317,-6.226
02/10/2026,2026-10-02,50,[11:15-11:30[,2026-10-02 10:15,1596.79,36521.042,22.872,10171.25,6.37,,,,,26985.15,16.9,4289.24,2.686,-4924.599,-3.084
02/10/2026,2026-10-02,51,[11:30-11:45[,2026-10-02 10:30,1590.749,37566.933,23.616,10266.77,6.454,,,,,27440.28,17.25,4400.663,2.766,-4540.779,-2.854
02/10/2026,2026-10-02,52,[11:45-12:00[,2026-10-02 10:45,1588.352,34442.154,21.684,10168.825,6.402,,,,,27641.94,17.403,4371.775,2.752,-7740.386,-4.873
02/10/2026,2026-10-02,53,[12:00-12:15[,2026-10-02 11:00,1552.369,39504.463,25.448,10169.15,6.551,,,,,25030.04,16.124,4169.424,2.686,135.849,0.088
02/10/2026,2026-10-02,54,[12:15-12:30[,2026-10-02 11:15,1559.555,36448.017,23.371,10304.954,6.608,,,,,25249.64,16.19,4390.694,2.815,-3497.272,-2.242
02/10/2026,2026-10-02,55,[12:30-12:45[,2026-10-02 11:30,1515.845,36366.339,23.991,10595.749,6.99,,,,,25095.14,16.555,3835.731,2.53,-3160.28,-2.085
02/10/2026,2026-10-02,56,[12:45-13:00[,2026-10-02 11:45,1506.114,39290.384,26.087,10599.75,7.038,,,,,25191.44,16.726,4061.99,2.697,-562.796,-0.374
02/10/2026,2026-10-02,57,[13:00-13:15[,2026-10-02 12:00,1499.279,43363.063,28.923,10834.539,7.226,,,,,24791.4,16.536,4053.715,2.704,3683.41,2.457
02/10/2026,2026-10-02,58,[13:15-13:30[,2026-10-02 12:15,1488.117,42698.018,28.693,10602.478,7.125,,,,,24667.4,16.576,3740.012,2.513,3688.128,2.478
02/10/2026,2026-10-02,59,[13:30-13:45[,2026-10-02 12:30,1514.673,41099.254,27.134,10600.897,6.999,,,,,26064.73,17.208,4222.975,2.788,210.653,0.139
02/10/2026,2026-10-02,60,[13:45-14:00[,2026-10-02 12:45,1525.354,41647.514,27.304,10595.021,6.946,,,,,26029.72,17.065,4163.322,2.729,859.45,0.563
02/10/2026,2026-10-02,61,[14:00-14:15[,2026-10-02 13:00,1545.907,36683.425,23.729,10304.34,6.666,,,,,24679.38,15.964,3946.361,2.553,-2246.656,-1.453
02/10/2026,2026-10-02,62,[14:15-14:30[,2026-10-02 13:15,1578.93,34833.842,22.062,10172.426,6.443,,,,,25179.47,15.947,4139.235,2.622,-4657.288,-2.95
02/10/2026,2026-10-02,63,[14:30-14:45[,2026-10-02 13:30,1580.636,39016.983,24.684,10163.031,6.43,,,,,25179.47,15.93,3070.24,1.942,604.242,0.382
02/10/2026,2026-10-02,64,[14:45-15:00[,2026-10-02 13:45,1578.707,35055.419,22.205,10143.661,6.425,,,,,24734.78,15.668,2907.603,1.842,-2730.625,-1.73
02/10/2026,2026-10-02,65,[15:00-15:15[,2026-10-02 14:00,1602.616,37568.46,23.442,10140.051,6.327,,,,,26882.52,16.774,3109.635,1.94,-2563.745,-1.6
02/10/2026,2026-10-02,66,[15:15-15:30[,2026-10-02 14:15,1619.601,29493.027,18.21,10125.722,6.252,,,,,24754.62,15.284,3138.031,1.938,-8525.346,-5.264
02/10/2026,2026-10-02,67,[15:30-15:45[,2026-10-02 14:30,1628.163,38179.538,23.449,9950.941,6.112,,,,,26471.52,16.259,2887.524,1.773,-1130.447,-0.694
02/10/2026,2026-10-02,68,[15:45-16:00[,2026-10-02 14:45,1646.266,34379.16,20.883,9109.877,5.534,,,,,26089.78,15.848,3326.927,2.021,-4147.425,-2.519
02/10/2026,2026-10-02,69,[16:00-16:15[,2026-10-02 15:00,1652.172,30641.898,18.546,9697.438,5.87,,,,,27005.17,16.345,3348.159,2.027,-9408.87,-5.695
02/10/2026,2026-10-02,70,[16:15-16:30[,2026-10-02 15:15,1666.05,33180.721,19.916,9595.101,5.759,,,,,27491.68,16.501,3131.55,1.88,-7037.61,-4.224
02/10/2026,2026-10-02,71,[16:30-16:45[,2026-10-02 15:30,1683.684,45153.297,26.818,8365.469,4.969,,,,,30970.32,18.394,3425.844,2.035,2391.664,1.42
02/10/2026,2026-10-02,72,[16:45-17:00[,2026-10-02 15:45,1682.873,39077.489,23.221,6904.86,4.103,,,,,27985.45,16.63,3192.309,1.897,994.869,0.591
02/10/2026,2026-10-02,73,[17:00-17:15[,2026-10-02 16:00,1652.249,43165.882,26.126,7483.845,4.529,,,,,27035.1,16.363,2401.071,1.453,6245.866,3.78
02/10/2026,2026-10-02,74,[17:15-17:30[,2026-10-02 16:15,1657.121,31115.877,18.777,2522.428,1.522,,,,,26077.57,15.737,2339.004,1.411,176.875,0.107
02/10/2026,2026-10-02,75,[17:30-17:45[,2026-10-02 16:30,1665.72,11283.493,6.774,,,,,,,12802.83,7.686,2458.986,1.476,-3978.323,-2.388
02/10/2026,2026-10-02,76,[17:45-18:00[,2026-10-02 16:45,1671.791,1828.439,1.094,,,,,,,12802.83,7.658,2342.095,1.401,-13316.486,-7.965
02/10/2026,2026-10-02,77,[18:00-18:15[,2026-10-02 17:00,1677.25,26936.631,16.06,,,26597.938,15.858,,,10768.64,6.42,2232.577,1.331,-12662.524,-7.55
02/10/2026,2026-10-02,78,[18:15-18:30[,2026-10-02 17:15,1703.002,23791.569,13.97,,,48447.938,28.449,,,11225.64,6.592,2281.632,1.34,-38163.641,-22.41
02/10/2026,2026-10-02,79,[18:30-18:45[,2026-10-02 17:30,1727.736,14443.639,8.36,,,48447.938,28.041,,,11225.64,6.497,2205.602,1.277,-47435.54,-27.455
02/10/2026,2026-10-02,80,[18:45-19:00[,2026-10-02 17:45,1761.475,16054.742,9.114,,,48447.938,27.504,,,11225.64,6.373,2064.794,1.172,-45683.63,-25.935
02/10/2026,2026-10-02,81,[19:00-19:15[,2026-10-02 18:00,1789.967,22191.409,12.398,,,48447.938,27.066,,,9444.39,5.276,2047.914,1.144,-37748.832,-21.089
02/10/2026,2026-10-02,82,[19:15-19:30[,2026-10-02 18:15,1832.296,18477.278,10.084,,,48447.938,26.441,,,9444.39,5.154,2127.984,1.161,-41543.033,-22.673
02/10/2026,2026-10-02,83,[19:30-19:45[,2026-10-02 18:30,1871.737,20330.044,10.862,,,48447.938,25.884,,,9829.5,5.252,1957.937,1.046,-39905.331,-21.32
02/10/2026,2026-10-02,84,[19:45-20:00[,2026-10-02 18:45,1881.595,23052.456,12.252,,,48447.938,25.748,,,9829.5,5.224,1966.253,1.045,-37191.235,-19.766
02/10/2026,2026-10-02,85,[20:00-20:15[,2026-10-02 19:00,1866.908,23639.692,12.662,,,48447.938,25.951,,,10509.69,5.629,1994.775,1.068,-37312.711,-19.986
02/10/2026,2026-10-02,86,[20:15-20:30[,2026-10-02 19:15,1844.378,27212.51,14.754,,,48447.938,26.268,,,10509.69,5.698,1945.811,1.055,-33690.928,-18.267
02/10/2026,2026-10-02,87,[20:30-20:45[,2026-10-02 19:30,1811.642,35455.935,19.571,,,48447.938,26.743,,,10509.69,5.801,1935.79,1.069,-25437.482,-14.041
02/10/2026,2026-10-02,88,[20:45-21:00[,2026-10-02 19:45,1784.759,43788.923,24.535,,,48447.938,27.145,,,10509.69,5.889,1945.688,1.09,-17114.393,-9.589
02/10/2026,2026-10-02,89,[21:00-21:15[,2026-10-02 20:00,1756.274,41692.841,23.739,,,48447.938,27.586,,,11297.16,6.432,1972.325,1.123,-20024.581,-11.402
02/10/2026,2026-10-02,90,[21:15-21:30[,2026-10-02 20:15,1724.628,42161.53,24.447,,,48447.938,28.092,,,11297.16,6.55,2013.28,1.167,-19596.847,-11.363
02/10/2026,2026-10-02,91,[21:30-21:45[,2026-10-02 20:30,1689.975,50409.494,29.829,,,48447.938,28.668,,,11297.16,6.685,1954.078,1.156,-11289.681,-6.68
02/10/2026,2026-10-02,92,[21:45-22:00[,2026-10-02 20:45,1656.188,36678.011,22.146,,,32097.938,19.381,,,9940.69,6.002,1856.01,1.121,-7216.627,-4.357
02/10/2026,2026-10-02,93,[22:00-22:15[,2026-10-02 21:00,1628.648,13519.728,8.301,,,,,,,12456.64,7.648,1841.099,1.13,-778.011,-0.478
02/10/2026,2026-10-02,94,[22:15-22:30[,2026-10-02 21:15,1596.645,6225.393,3.899,,,,,,,12456.64,7.802,1794.521,1.124,-8025.767,-5.027
02/10/2026,2026-10-02,95,[22:30-22:45[,2026-10-02 21:30,1566.424,3524.838,2.25,,,,,,,12456.64,7.952,1812.628,1.157,-10744.43,-6.859
02/10/2026,2026-10-02,96,[22:45-23:00[,2026-10-02 21:45,1532.727,10170.779,6.636,,,,,,,12456.64,8.127,1812.253,1.182,-4098.114,-2.674
03/10/2026,2026-10-03,1,[23:00-23:15[,2026-10-02 22:00,1500.633,3730.323,2.486,1496.671,0.997,,,,,4318.94,2.878,1822.516,1.214,-3907.804,-2.604
03/10/2026,2026-10-03,2,[23:15-23:30[,2026-10-02 22:15,1468.029,8609.213,5.864,1641.983,1.118,,,,,4556.16,3.104,2057.703,1.402,353.367,0.241
03/10/2026,2026-10-03,3,[23:30-23:45[,2026-10-02 22:30,1432.148,12984.84,9.067,2024.833,1.414,,,,,5376.04,3.754,2058.564,1.437,3525.403,2.462
03/10/2026,2026-10-03,4,[23:45-00:00[,2026-10-02 22:45,1397.843,10296.657,7.366,2643.667,1.891,,,,,5379.26,3.848,2040.402,1.46,233.328,0.167
03/10/2026,2026-10-03,5,[00:00-00:15[,2026-10-02 23:00,1395.039,5733.67,4.11,2508.957,1.798,,,,,4998,3.583,3083.118,2.21,-4856.404,-3.481
03/10/2026,2026-10-03,6,[00:15-00:30[,2026-10-02 23:15,1379.866,12030.282,8.718,2971.701,2.154,,,,,4926.81,3.57,3110.362,2.254,1021.408,0.74
03/10/2026,2026-10-03,7,[00:30-00:45[,2026-10-02 23:30,1366.195,18789.163,13.753,7149.12,5.233,,,,,5885.06,4.308,3092.09,2.263,2662.892,1.949
03/10/2026,2026-10-03,8,[00:45-01:00[,2026-10-02 23:45,1329.702,17143.511,12.893,7216.16,5.427,,,,,6018.94,4.527,2626.496,1.975,1281.916,0.964
03/10/2026,2026-10-03,9,[01:00-01:15[,2026-10-03 00:00,1324.049,19690.842,14.872,7078.693,5.346,,,,,5061.75,3.823,3042.166,2.298,4508.233,3.405
03/10/2026,2026-10-03,10,[01:15-01:30[,2026-10-03 00:15,1312.423,18367.601,13.995,7142.929,5.443,,,,,5339.7,4.069,3058.723,2.331,2826.248,2.153
03/10/2026,2026-10-03,11,[01:30-01:45[,2026-10-03 00:30,1286.319,17251.51,13.412,7219.885,5.613,,,,,5328.3,4.142,3056.22,2.376,1647.104,1.28
03/10/2026,2026-10-03,12,[01:45-02:00[,2026-10-03 00:45,1268.022,18732.638,14.773,7319.589,5.772,,,,,5328.3,4.202,3018.484,2.38,3066.265,2.418
03/10/2026,2026-10-03,13,[02:00-02:15[,2026-10-03 01:00,1258.964,20101.913,15.967,7206.994,5.725,,,,,5877.86,4.669,3034.699,2.41,3982.36,3.163
03/10/2026,2026-10-03,14,[02:15-02:30[,2026-10-03 01:15,1252.368,18538.109,14.802,7325.519,5.849,,,,,6309.52,5.038,3032.44,2.421,1870.63,1.494
03/10/2026,2026-10-03,15,[02:30-02:45[,2026-10-03 01:30,1221.636,18866.115,15.443,7419.25,6.073,,,,,6469.12,5.295,2573.036,2.106,2404.709,1.968
03/10/2026,2026-10-03,16,[02:45-03:00[,2026-10-03 01:45,1223.92,17003.015,13.892,7406.456,6.051,,,,,6469.12,5.286,3049.019,2.491,78.42,0.064
03/10/2026,2026-10-03,17,[03:00-03:15[,2026-10-03 02:00,1220.795,14564.776,11.931,7439.768,6.094,,,,,6595.88,5.403,3037.056,2.488,-2507.928,-2.054
03/10/2026,2026-10-03,18,[03:15-03:30[,2026-10-03 02:15,1200.613,20537.504,17.106,7430.436,6.189,,,,,6585.12,5.485,3015.991,2.512,3505.957,2.92
03/10/2026,2026-10-03,19,[03:30-03:45[,2026-10-03 02:30,1190.487,23410.241,19.664,7432.898,6.244,,,,,6579.74,5.527,3031.508,2.546,6366.095,5.347
03/10/2026,2026-10-03,20,[03:45-04:00[,2026-10-03 02:45,1185.259,25116.969,21.191,7451.653,6.287,,,,,6598.57,5.567,3033.389,2.559,8033.357,6.778
03/10/2026,2026-10-03,21,[04:00-04:15[,2026-10-03 03:00,1182.698,20525.475,17.355,7322.595,6.191,,,,,6541.34,5.531,3029.457,2.561,3632.083,3.071
03/10/2026,2026-10-03,22,[04:15-04:30[,2026-10-03 03:15,1160.557,20367.578,17.55,7356.248,6.339,,,,,6624.74,5.708,2731.218,2.353,3655.372,3.15
03/10/2026,2026-10-03,23,[04:30-04:45[,2026-10-03 03:30,1163.628,20601.871,17.705,7309.917,6.282,,,,,6541.34,5.622,3030.433,2.604,3720.181,3.197
03/10/2026,2026-10-03,24,[04:45-05:00[,2026-10-03 03:45,1165.171,18480.247,15.861,7237.31,6.211,,,,,6123.61,5.256,3025.655,2.597,2093.673,1.797
03/10/2026,2026-10-03,25,[05:00-05:15[,2026-10-03 04:00,1158.796,21310.785,18.39,7130.426,6.153,,,,,5814.36,5.018,2691.06,2.322,5674.94,4.897
03/10/2026,2026-10-03,26,[05:15-05:30[,2026-10-03 04:15,1164.275,16126.835,13.851,6968.145,5.985,,,,,5075.83,4.36,3053.763,2.623,1029.096,0.884
03/10/2026,2026-10-03,27,[05:30-05:45[,2026-10-03 04:30,1170.196,8819.825,7.537,2445.047,2.089,,,,,4806.07,4.107,3065.008,2.619,-1496.3,-1.279
03/10/2026,2026-10-03,28,[05:45-06:00[,2026-10-03 04:45,1163.472,12311.852,10.582,2402.672,2.065,,,,,4294.65,3.691,3052.357,2.623,2562.173,2.202
03/10/2026,2026-10-03,29,[06:00-06:15[,2026-10-03 05:00,1182.23,9006.935,7.619,2163.191,1.83,,,,,4868.99,4.118,3011.615,2.547,-1036.862,-0.877
03/10/2026,2026-10-03,30,[06:15-06:30[,2026-10-03 05:15,1197.332,6642.467,5.548,2120.841,1.771,,,,,4954.95,4.138,3012.274,2.516,-3445.598,-2.878
03/10/2026,2026-10-03,31,[06:30-06:45[,2026-10-03 05:30,1209.755,11187.441,9.248,2188.711,1.809,,,,,4937.51,4.081,3025.443,2.501,1035.777,0.856
03/10/2026,2026-10-03,32,[06:45-07:00[,2026-10-03 05:45,1207.604,8600.276,7.122,2171.449,1.798,,,,,4982.03,4.126,2508.28,2.077,-1061.483,-0.879
03/10/2026,2026-10-03,33,[07:00-07:15[,2026-10-03 06:00,1242.604,10266.368,8.262,2053.377,1.652,,,,,5676.3,4.568,2956.354,2.379,-419.663,-0.338
03/10/2026,2026-10-03,34,[07:15-07:30[,2026-10-03 06:15,1249.565,10562.194,8.453,2229.519,1.784,,,,,4976,3.982,2922.29,2.339,434.385,0.348
03/10/2026,2026-10-03,35,[07:30-07:45[,2026-10-03 06:30,1239.539,9777.004,7.888,2587.893,2.088,,,,,5839.5,4.711,2706.136,2.183,-1356.525,-1.094
03/10/2026,2026-10-03,36,[07:45-08:00[,2026-10-03 06:45,1254.368,19676.128,15.686,7249.293,5.779,,,,,8186.41,6.526,2910.908,2.321,1329.517,1.06
03/10/2026,2026-10-03,37,[08:00-08:15[,2026-10-03 07:00,1289.389,7427.993,5.761,3043.669,2.361,,,,,7649.04,5.932,2923.561,2.267,-6188.277,-4.799
03/10/2026,2026-10-03,38,[08:15-08:30[,2026-10-03 07:15,1303.475,17578.618,13.486,7368.623,5.653,,,,,6928.5,5.315,2965.106,2.275,316.39,0.243
03/10/2026,2026-10-03,39,[08:30-08:45[,2026-10-03 07:30,1302.244,17058.432,13.099,7504.611,5.763,,,,,7517.5,5.773,2292.878,1.761,-256.557,-0.197
03/10/2026,2026-10-03,40,[08:45-09:00[,2026-10-03 07:45,1316.292,17942.111,13.631,7771.011,5.904,,,,,9912.92,7.531,2931.804,2.227,-2673.624,-2.031
03/10/2026,2026-10-03,41,[09:00-09:15[,2026-10-03 08:00,1337.236,4425.58,3.309,2869.079,2.146,,,,,7643.85,5.716,2966.045,2.218,-9053.394,-6.77
03/10/2026,2026-10-03,42,[09:15-09:30[,2026-10-03 08:15,1340.439,6538.592,4.878,7237.565,5.399,,,,,7587.54,5.66,3814.847,2.846,-12101.359,-9.028
03/10/2026,2026-10-03,43,[09:30-09:45[,2026-10-03 08:30,1347.642,26642.741,19.77,7533.63,5.59,,,,,12207.9,9.059,4150.826,3.08,2750.385,2.041
03/10/2026,2026-10-03,44,[09:45-10:00[,2026-10-03 08:45,1344.341,28532.11,21.224,6984.119,5.195,,,,,13151.7,9.783,4140.166,3.08,4256.125,3.166
03/10/2026,2026-10-03,45,[10:00-10:15[,2026-10-03 09:00,1340.601,28035.323,20.913,6873.375,5.127,,,,,22665.3,16.907,3762.34,2.806,-5265.692,-3.928
03/10/2026,2026-10-03,46,[10:15-10:30[,2026-10-03 09:15,1321.445,37340.462,28.257,8597.546,6.506,,,,,27226.94,20.604,3170.787,2.399,-1654.811,-1.252
03/10/2026,2026-10-03,47,[10:30-10:45[,2026-10-03 09:30,1318.283,41628.407,31.578,8939.799,6.781,,,,,28256.58,21.434,3008.611,2.282,1423.417,1.08
03/10/2026,2026-10-03,48,[10:45-11:00[,2026-10-03 09:45,1304.947,43363.085,33.23,9257.633,7.094,,,,,31152,23.872,2756.393,2.112,197.059,0.151
03/10/2026,2026-10-03,49,[11:00-11:15[,2026-10-03 10:00,1308.441,45045.776,34.427,9914.733,7.578,,,,,30300,23.157,2958.574,2.261,1872.468,1.431
03/10/2026,2026-10-03,50,[11:15-11:30[,2026-10-03 10:15,1311.961,46333.251,35.316,10769.733,8.209,,,,,30300,23.095,2881.275,2.196,2382.243,1.816
03/10/2026,2026-10-03,51,[11:30-11:45[,2026-10-03 10:30,1317.621,39248.334,29.787,11283.571,8.564,,,,,22934.4,17.406,2942.744,2.233,2087.619,1.584
03/10/2026,2026-10-03,52,[11:45-12:00[,2026-10-03 10:45,1317.248,42156.327,32.003,12398.258,9.412,,,,,24106.1,18.3,2940.506,2.232,2711.463,2.058
03/10/2026,2026-10-03,53,[12:00-12:15[,2026-10-03 11:00,1337.183,40724.809,30.456,13118.258,9.81,,,,,23577.15,17.632,3880.59,2.902,148.81,0.111
03/10/2026,2026-10-03,54,[12:15-12:30[,2026-10-03 11:15,1343.204,41038.217,30.552,13664.821,10.173,,,,,24424.41,18.184,3934.501,2.929,-985.514,-0.734
03/10/2026,2026-10-03,55,[12:30-12:45[,2026-10-03 11:30,1349.02,42010.128,31.141,14232.946,10.551,,,,,25351.32,18.792,4051.624,3.003,-1625.762,-1.205
03/10/2026,2026-10-03,56,[12:45-13:00[,2026-10-03 11:45,1328.628,42103.782,31.69,14039.821,10.567,,,,,25075.42,18.873,3453.173,2.599,-464.632,-0.35
03/10/2026,2026-10-03,57,[13:00-13:15[,2026-10-03 12:00,1328.112,42504.414,32.004,13954.508,10.507,,,,,24943.26,18.781,3877.384,2.919,-270.739,-0.204
03/10/2026,2026-10-03,58,[13:15-13:30[,2026-10-03 12:15,1315.473,38117.107,28.976,13170.758,10.012,,,,,23650.48,17.979,3903.561,2.967,-2607.692,-1.982
03/10/2026,2026-10-03,59,[13:30-13:45[,2026-10-03 12:30,1299.051,41570.466,32.001,12298.883,9.468,,,,,27514.3,21.18,3897.448,3,-2140.165,-1.647
03/10/2026,2026-10-03,60,[13:45-14:00[,2026-10-03 12:45,1301.023,39290.958,30.2,11038.883,8.485,,,,,26450.1,20.33,4033.664,3.1,-2231.689,-1.715
03/10/2026,2026-10-03,61,[14:00-14:15[,2026-10-03 13:00,1295.284,37232.801,28.745,10561.608,8.154,,,,,24358.4,18.805,3841.743,2.966,-1528.951,-1.18
03/10/2026,2026-10-03,62,[14:15-14:30[,2026-10-03 13:15,1293.629,42782.613,33.072,10364.733,8.012,,,,,28009.5,21.652,3945.34,3.05,463.04,0.358
03/10/2026,2026-10-03,63,[14:30-14:45[,2026-10-03 13:30,1302.127,40869.403,31.387,9602.768,7.375,,,,,28112.8,21.59,4064.282,3.121,-910.447,-0.699
03/10/2026,2026-10-03,64,[14:45-15:00[,2026-10-03 13:45,1298.611,41750.234,32.15,9381.095,7.224,,,,,27023.2,20.809,4071.768,3.135,1274.172,0.981
03/10/2026,2026-10-03,65,[15:00-15:15[,2026-10-03 14:00,1295.763,43722.218,33.742,9258.529,7.145,,,,,29042,22.413,3947.43,3.046,1474.26,1.138
03/10/2026,2026-10-03,66,[15:15-15:30[,2026-10-03 14:15,1307.147,24974.442,19.106,9053.813,6.926,,,,,29227,22.359,3942.757,3.016,-17249.128,-13.196
03/10/2026,2026-10-03,67,[15:30-15:45[,2026-10-03 14:30,1317.599,46359.858,35.185,8893.891,6.75,,,,,27103.56,20.57,4109.393,3.119,6253.014,4.746
03/10/2026,2026-10-03,68,[15:45-16:00[,2026-10-03 14:45,1315.391,35262.044,26.807,8307.939,6.316,,,,,23892.4,18.164,3697.054,2.811,-635.349,-0.483
03/10/2026,2026-10-03,69,[16:00-16:15[,2026-10-03 15:00,1328.271,38345.976,28.869,8570.577,6.452,,,,,29040,21.863,4018.442,3.025,-3283.043,-2.472
03/10/2026,2026-10-03,70,[16:15-16:30[,2026-10-03 15:15,1344.088,17562.6,13.067,6849.976,5.096,,,,,12995.99,9.669,4120.359,3.066,-6403.725,-4.764
03/10/2026,2026-10-03,71,[16:30-16:45[,2026-10-03 15:30,1349.586,22347.557,16.559,6820.664,5.054,,,,,12045.84,8.926,4079.196,3.023,-598.143,-0.443
03/10/2026,2026-10-03,72,[16:45-17:00[,2026-10-03 15:45,1377.666,10689.547,7.759,7177.822,5.21,,,,,10154.98,7.371,4197.024,3.046,-10840.279,-7.869
03/10/2026,2026-10-03,73,[17:00-17:15[,2026-10-03 16:00,1399.565,17354.244,12.4,7526.372,5.378,,,,,10231.2,7.31,4195.726,2.998,-4599.054,-3.286
03/10/2026,2026-10-03,74,[17:15-17:30[,2026-10-03 16:15,1376.973,11571.956,8.404,2204.15,1.601,,,,,6352.04,4.613,2069.932,1.503,945.835,0.687
03/10/2026,2026-10-03,75,[17:30-17:45[,2026-10-03 16:30,1399.381,9675.485,6.914,1901.087,1.359,,,,,4951.22,3.538,2033.58,1.453,789.597,0.564
03/10/2026,2026-10-03,76,[17:45-18:00[,2026-10-03 16:45,1427.551,10394.823,7.282,1597.209,1.119,,,,,5999.48,4.203,1909.298,1.337,888.836,0.623
03/10/2026,2026-10-03,77,[18:00-18:15[,2026-10-03 17:00,1457.615,3362.121,2.307,1817.53,1.247,,,,,4184.7,2.871,1895.153,1.3,-4535.263,-3.111
03/10/2026,2026-10-03,78,[18:15-18:30[,2026-10-03 17:15,1479.885,3468.215,2.344,1521.47,1.028,,,,,3705.22,2.504,1845.535,1.247,-3604.01,-2.435
03/10/2026,2026-10-03,79,[18:30-18:45[,2026-10-03 17:30,1497.463,6424.541,4.29,694.197,0.464,,,,,7415.92,4.952,1750.004,1.169,-3435.581,-2.294
03/10/2026,2026-10-03,80,[18:45-19:00[,2026-10-03 17:45,1522.423,12076.288,7.932,988.408,0.649,,,,,6993.36,4.594,1816.897,1.193,2277.623,1.496
03/10/2026,2026-10-03,81,[19:00-19:15[,2026-10-03 18:00,1557.412,11468.642,7.364,1156.61,0.743,,,,,6036.8,3.876,1863.542,1.197,2411.69,1.549
03/10/2026,2026-10-03,82,[19:15-19:30[,2026-10-03 18:15,1605.516,7507.968,4.676,1286.466,0.801,,,,,5844.3,3.64,1863.56,1.161,-1486.358,-0.926
03/10/2026,2026-10-03,83,[19:30-19:45[,2026-10-03 18:30,1648.503,657.44,0.399,1454.264,0.882,,,,,5530.8,3.355,1755.624,1.065,-8083.248,-4.903
03/10/2026,2026-10-03,84,[19:45-20:00[,2026-10-03 18:45,1658.853,921.59,0.556,1645.346,0.992,,,,,4906.56,2.958,1733.021,1.045,-7363.337,-4.439
03/10/2026,2026-10-03,85,[20:00-20:15[,2026-10-03 19:00,1651.633,10118.498,6.126,1414.06,0.856,,,,,5517.6,3.341,1750.855,1.06,1435.984,0.869
03/10/2026,2026-10-03,86,[20:15-20:30[,2026-10-03 19:15,1628.31,9257.537,5.685,1640.043,1.007,,,,,5132.6,3.152,1750.857,1.075,734.037,0.451
03/10/2026,2026-10-03,87,[20:30-20:45[,2026-10-03 19:30,1600.365,10840.116,6.774,1753.805,1.096,,,,,5211.08,3.256,1751.18,1.094,2124.051,1.327
03/10/2026,2026-10-03,88,[20:45-21:00[,2026-10-03 19:45,1575.121,7345.933,4.664,1924.13,1.222,,,,,3513.6,2.231,1715.279,1.089,192.924,0.122
03/10/2026,2026-10-03,89,[21:00-21:15[,2026-10-03 20:00,1541.826,8414.724,5.458,1801.833,1.169,,,,,5812.4,3.77,1702.302,1.104,-901.811,-0.585
03/10/2026,2026-10-03,90,[21:15-21:30[,2026-10-03 20:15,1513.798,9939.46,6.566,1881.582,1.243,,,,,5960.8,3.938,1713.539,1.132,383.54,0.253
03/10/2026,2026-10-03,91,[21:30-21:45[,2026-10-03 20:30,1490.429,9355.008,6.277,2019.67,1.355,,,,,5684.9,3.814,1716.559,1.152,-66.122,-0.044
03/10/2026,2026-10-03,92,[21:45-22:00[,2026-10-03 20:45,1466.51,10013.022,6.828,2066.945,1.409,,,,,5613.6,3.828,1713.392,1.168,619.085,0.422
03/10/2026,2026-10-03,93,[22:00-22:15[,2026-10-03 21:00,1444.914,11462.745,7.933,2277.93,1.577,,,,,5773.8,3.996,1730.079,1.197,1680.936,1.163
03/10/2026,2026-10-03,94,[22:15-22:30[,2026-10-03 21:15,1422.657,12142.087,8.535,2541.481,1.786,,,,,5487.28,3.857,1721.426,1.21,2391.9,1.681
03/10/2026,2026-10-03,95,[22:30-22:45[,2026-10-03 21:30,1398.239,11301.337,8.083,2721.405,1.946,,,,,4802.01,3.434,1726.53,1.235,2051.392,1.467
03/10/2026,2026-10-03,96,[22:45-23:00[,2026-10-03 21:45,1367.025,11666.109,8.534,3031.017,2.217,,,,,6750.9,4.938,1739.185,1.272,145.006,0.106
04/10/2026,2026-10-04,1,[23:00-23:15[,2026-10-03 22:00,1339.076,15665.031,11.698,1166.763,0.871,,,,,5618.83,4.196,1717.505,1.283,7161.934,5.348
04/10/2026,2026-10-04,2,[23:15-23:30[,2026-10-03 22:15,1315.602,13827.238,10.51,1166.763,0.887,,,,,5463.49,4.153,1769.139,1.345,5427.846,4.126
04/10/2026,2026-10-04,3,[23:30-23:45[,2026-10-03 22:30,1292.227,6750.752,5.224,1166.763,0.903,,,,,5334.04,4.128,1769.132,1.369,-1519.182,-1.176
04/10/2026,2026-10-04,4,[23:45-00:00[,2026-10-03 22:45,1265.286,7172.615,5.669,1251.238,0.989,,,,,4620.62,3.652,1761.236,1.392,-460.478,-0.364
04/10/2026,2026-10-04,5,[00:00-00:15[,2026-10-03 23:00,1249.875,9154.583,7.324,1251.238,1.001,,,,,5249.56,4.2,1933.295,1.547,720.49,0.576
04/10/2026,2026-10-04,6,[00:15-00:30[,2026-10-03 23:15,1229.764,8831.713,7.182,1306.263,1.062,,,,,5087.73,4.137,1933.775,1.572,503.945,0.41
04/10/2026,2026-10-04,7,[00:30-00:45[,2026-10-03 23:30,1214.058,9169.227,7.553,1399.263,1.153,,,,,6195.73,5.103,1933.015,1.592,-358.781,-0.296
04/10/2026,2026-10-04,8,[00:45-01:00[,2026-10-03 23:45,1195.152,8104.962,6.782,1587.975,1.329,,,,,6266.32,5.243,1933.6,1.618,-1682.933,-1.408
04/10/2026,2026-10-04,9,[01:00-01:15[,2026-10-04 00:00,1182.228,6863.606,5.806,1399.263,1.184,,,,,5400.32,4.568,1924.23,1.628,-1860.207,-1.573
04/10/2026,2026-10-04,10,[01:15-01:30[,2026-10-04 00:15,1164.527,7214.899,6.196,1587.975,1.364,,,,,5461.2,4.69,1904.746,1.636,-1739.022,-1.493
04/10/2026,2026-10-04,11,[01:30-01:45[,2026-10-04 00:30,1146.306,6645.799,5.798,1776.882,1.55,,,,,5589.19,4.876,1787.287,1.559,-2507.56,-2.188
04/10/2026,2026-10-04,12,[01:45-02:00[,2026-10-04 00:45,1133.425,8863.925,7.82,2813.203,2.482,,,,,5589.19,4.931,1910.279,1.685,-1448.746,-1.278
04/10/2026,2026-10-04,13,[02:00-02:15[,2026-10-04 01:00,1122.776,11213.135,9.987,3563.205,3.174,,,,,5068.34,4.514,1911.344,1.702,670.246,0.597
04/10/2026,2026-10-04,14,[02:15-02:30[,2026-10-04 01:15,1112.455,6608.558,5.941,3732.219,3.355,,,,,5068.34,4.556,1906.47,1.714,-4098.471,-3.684
04/10/2026,2026-10-04,15,[02:30-02:45[,2026-10-04 01:30,1102.876,12495.011,11.329,4350.953,3.945,,,,,5368.5,4.868,1902.408,1.725,873.15,0.792
04/10/2026,2026-10-04,16,[02:45-03:00[,2026-10-04 01:45,1095.016,11160.078,10.192,4351.431,3.974,,,,,5368.5,4.903,1886.19,1.723,-446.044,-0.407
04/10/2026,2026-10-04,17,[03:00-03:15[,2026-10-04 02:00,1089.649,12534.658,11.503,3675.361,3.373,,,,,5024.45,4.611,1899.91,1.744,1934.938,1.776
04/10/2026,2026-10-04,18,[03:15-03:30[,2026-10-04 02:15,1081.773,9140.582,8.45,3673.279,3.396,,,,,5024.45,4.645,1894.676,1.751,-1451.822,-1.342
04/10/2026,2026-10-04,19,[03:30-03:45[,2026-10-04 02:30,1074.228,8972.835,8.353,3678.137,3.424,,,,,5126.86,4.773,1899.02,1.768,-1731.181,-1.612
04/10/2026,2026-10-04,20,[03:45-04:00[,2026-10-04 02:45,1066.738,8594.819,8.057,3708.004,3.476,,,,,5126.86,4.806,1902.692,1.784,-2142.737,-2.009
04/10/2026,2026-10-04,21,[04:00-04:15[,2026-10-04 03:00,1062.734,10976.335,10.328,5064.079,4.765,,,,,5740.98,5.402,1876.612,1.766,-1705.336,-1.605
04/10/2026,2026-10-04,22,[04:15-04:30[,2026-10-04 03:15,1058.651,11651.98,11.006,5191.695,4.904,,,,,5740.98,5.423,1875.701,1.772,-1156.395,-1.092
04/10/2026,2026-10-04,23,[04:30-04:45[,2026-10-04 03:30,1055.792,10132.972,9.598,4788.311,4.535,,,,,5570.03,5.276,1871.054,1.772,-2096.423,-1.986
04/10/2026,2026-10-04,24,[04:45-05:00[,2026-10-04 03:45,1053.131,10502.993,9.973,4446.33,4.222,,,,,5910.24,5.612,1928.019,1.831,-1781.596,-1.692
04/10/2026,2026-10-04,25,[05:00-05:15[,2026-10-04 04:00,1056.255,11756.865,11.131,5813.198,5.504,,,,,5757.14,5.451,1933.98,1.831,-1747.452,-1.654
04/10/2026,2026-10-04,26,[05:15-05:30[,2026-10-04 04:15,1056.019,10834.222,10.259,4882.675,4.624,,,,,5657.74,5.358,1933.98,1.831,-1640.173,-1.553
04/10/2026,2026-10-04,27,[05:30-05:45[,2026-10-04 04:30,1057.635,12154.995,11.493,4606.86,4.356,,,,,5625.58,5.319,1933.819,1.828,-11.264,-0.011
04/10/2026,2026-10-04,28,[05:45-06:00[,2026-10-04 04:45,1058.862,10855.279,10.252,3712.79,3.506,,,,,5489.92,5.185,1876.33,1.772,-223.76,-0.211
04/10/2026,2026-10-04,29,[06:00-06:15[,2026-10-04 05:00,1076.135,11482.2,10.67,4384.204,4.074,,,,,6483.54,6.025,1933.78,1.797,-1319.324,-1.226
04/10/2026,2026-10-04,30,[06:15-06:30[,2026-10-04 05:15,1082.014,13881.147,12.829,3615.68,3.342,,,,,7190.89,6.646,1934.209,1.788,1140.368,1.054
04/10/2026,2026-10-04,31,[06:30-06:45[,2026-10-04 05:30,1089.289,5119.017,4.699,3199.47,2.937,,,,,3673.61,3.372,1921.687,1.764,-3675.75,-3.374
04/10/2026,2026-10-04,32,[06:45-07:00[,2026-10-04 05:45,1094.871,4816.896,4.4,1571.7,1.436,,,,,3797.34,3.468,1860.798,1.7,-2412.942,-2.204
04/10/2026,2026-10-04,33,[07:00-07:15[,2026-10-04 06:00,1106.67,9861.654,8.911,1176.838,1.063,,,,,5388.26,4.869,1896.583,1.714,1399.973,1.265
04/10/2026,2026-10-04,34,[07:15-07:30[,2026-10-04 06:15,1101.966,9499.245,8.62,1283.4,1.165,,,,,5067.56,4.599,2045.034,1.856,1103.25,1.001
04/10/2026,2026-10-04,35,[07:30-07:45[,2026-10-04 06:30,1109.713,9474.52,8.538,1411.663,1.272,,,,,4684.62,4.221,2956.854,2.665,421.383,0.38
04/10/2026,2026-10-04,36,[07:45-08:00[,2026-10-04 06:45,1123.288,14150.545,12.597,3516.048,3.13,,,,,6108.82,5.438,3153.068,2.807,1372.61,1.222
04/10/2026,2026-10-04,37,[08:00-08:15[,2026-10-04 07:00,1142.673,6264.453,5.482,1251.238,1.095,,,,,4589.25,4.016,3032.957,2.654,-2608.992,-2.283
04/10/2026,2026-10-04,38,[08:15-08:30[,2026-10-04 07:15,1151.01,6664.117,5.79,1402.363,1.218,,,,,4069.96,3.536,2782.781,2.418,-1590.987,-1.382
04/10/2026,2026-10-04,39,[08:30-08:45[,2026-10-04 07:30,1155.731,17429.206,15.081,4420.142,3.825,,,,,9169.18,7.934,2841.598,2.459,998.287,0.864
04/10/2026,2026-10-04,40,[08:45-09:00[,2026-10-04 07:45,1164.485,26592.122,22.836,6823.302,5.86,,,,,11754.63,10.094,3260.646,2.8,4753.544,4.082
04/10/2026,2026-10-04,41,[09:00-09:15[,2026-10-04 08:00,1190.588,28309.597,23.778,4518.028,3.795,,,,,12154.03,10.208,4319.983,3.628,7317.556,6.146
04/10/2026,2026-10-04,42,[09:15-09:30[,2026-10-04 08:15,1190.076,35581.484,29.898,6135.972,5.156,,,,,19786.75,16.626,3940.057,3.311,5718.705,4.805
04/10/2026,2026-10-04,43,[09:30-09:45[,2026-10-04 08:30,1192.429,33893.412,28.424,6936.663,5.817,,,,,18491.88,15.508,4288.709,3.597,4176.16,3.502
04/10/2026,2026-10-04,44,[09:45-10:00[,2026-10-04 08:45,1199.003,44342.449,36.983,8276.308,6.903,,,,,24163.8,20.153,4244.665,3.54,7657.676,6.387
04/10/2026,2026-10-04,45,[10:00-10:15[,2026-10-04 09:00,1210.057,25128.256,20.766,8310.636,6.868,,,,,24549.54,20.288,4179.104,3.454,-11911.025,-9.843
04/10/2026,2026-10-04,46,[10:15-10:30[,2026-10-04 09:15,1212.48,47642.92,39.294,9153.763,7.55,,,,,29295,24.161,4186.706,3.453,5007.452,4.13
04/10/2026,2026-10-04,47,[10:30-10:45[,2026-10-04 09:30,1202.958,37145.354,30.878,10350.013,8.604,,,,,25706.04,21.369,3902.229,3.244,-2812.927,-2.338
04/10/2026,2026-10-04,48,[10:45-11:00[,2026-10-04 09:45,1210.445,41768.468,34.507,11386.888,9.407,,,,,26637,22.006,3945.56,3.26,-200.98,-0.166
04/10/2026,2026-10-04,49,[11:00-11:15[,2026-10-04 10:00,1227.101,40237.617,32.791,11386.888,9.28,,,,,26763,21.81,3928.569,3.202,-1840.84,-1.5
04/10/2026,2026-10-04,50,[11:15-11:30[,2026-10-04 10:15,1210.068,41593.956,34.373,11855.638,9.797,,,,,28086.75,23.211,3254.91,2.69,-1603.342,-1.325
04/10/2026,2026-10-04,51,[11:30-11:45[,2026-10-04 10:30,1221.523,42724.057,34.976,12634.7,10.343,,,,,28118.57,23.019,3525.726,2.886,-1554.939,-1.273
04/10/2026,2026-10-04,52,[11:45-12:00[,2026-10-04 10:45,1236.233,30930.914,25.02,13193.763,10.673,,,,,28585.75,23.123,3692.031,2.987,-14540.63,-11.762
04/10/2026,2026-10-04,53,[12:00-12:15[,2026-10-04 11:00,1234.877,39063.267,31.633,13242.336,10.724,,,,,22983.3,18.612,3607.519,2.921,-769.888,-0.623
04/10/2026,2026-10-04,54,[12:15-12:30[,2026-10-04 11:15,1242.944,39576.693,31.841,13351.9,10.742,,,,,22983.3,18.491,3656.982,2.942,-415.489,-0.334
04/10/2026,2026-10-04,55,[12:30-12:45[,2026-10-04 11:30,1238.551,39411.039,31.82,13517.747,10.914,,,,,23060.8,18.619,3391.218,2.738,-558.726,-0.451
04/10/2026,2026-10-04,56,[12:45-13:00[,2026-10-04 11:45,1226.805,40457.036,32.978,13894.222,11.326,,,,,23138.3,18.861,3549.199,2.893,-124.684,-0.102
04/10/2026,2026-10-04,57,[13:00-13:15[,2026-10-04 12:00,1215.592,30007.871,24.686,14022.817,11.536,,,,,23011.55,18.93,3623.281,2.981,-10649.777,-8.761
04/10/2026,2026-10-04,58,[13:15-13:30[,2026-10-04 12:15,1203.553,30803.122,25.593,13830.392,11.491,,,,,22978.95,19.093,3584.631,2.978,-9590.851,-7.969
04/10/2026,2026-10-04,59,[13:30-13:45[,2026-10-04 12:30,1177.568,40945.997,34.772,14047.642,11.929,,,,,22587.75,19.182,3376.405,2.867,934.199,0.793
04/10/2026,2026-10-04,60,[13:45-14:00[,2026-10-04 12:45,1174.023,40556.343,34.545,14250.135,12.138,,,,,22932.76,19.533,3464.022,2.951,-90.574,-0.077
04/10/2026,2026-10-04,61,[14:00-14:15[,2026-10-04 13:00,1182.691,34722.362,29.359,14374.196,12.154,,,,,17058.94,14.424,3694.482,3.124,-405.256,-0.343
04/10/2026,2026-10-04,62,[14:15-14:30[,2026-10-04 13:15,1181.303,21704.951,18.374,12774.388,10.814,,,,,15421.51,13.055,3553.43,3.008,-10044.376,-8.503
04/10/2026,2026-10-04,63,[14:30-14:45[,2026-10-04 13:30,1184.259,26620.688,22.479,11718.763,9.895,,,,,14714.58,12.425,3539.54,2.989,-3352.195,-2.831
04/10/2026,2026-10-04,64,[14:45-15:00[,2026-10-04 13:45,1202.967,34696.548,28.842,10215.013,8.492,,,,,23945.64,19.905,3858.149,3.207,-3322.254,-2.762
04/10/2026,2026-10-04,65,[15:00-15:15[,2026-10-04 14:00,1200.705,20317.28,16.921,10496.263,8.742,,,,,24690.66,20.563,3788.719,3.155,-18658.362,-15.54
04/10/2026,2026-10-04,66,[15:15-15:30[,2026-10-04 14:15,1205.764,35903.89,29.777,8191.888,6.794,,,,,10438.34,8.657,3881.484,3.219,13392.178,11.107
04/10/2026,2026-10-04,67,[15:30-15:45[,2026-10-04 14:30,1219.252,38502.035,31.578,8192.965,6.72,,,,,15529.68,12.737,3904.592,3.202,10874.798,8.919
04/10/2026,2026-10-04,68,[15:45-16:00[,2026-10-04 14:45,1219.925,30502.694,25.004,7011.163,5.747,,,,,9373.4,7.684,3784.374,3.102,10333.758,8.471
04/10/2026,2026-10-04,69,[16:00-16:15[,2026-10-04 15:00,1246.466,31077.983,24.933,7316.013,5.869,,,,,21571.42,17.306,4011.967,3.219,-1821.417,-1.461
04/10/2026,2026-10-04,70,[16:15-16:30[,2026-10-04 15:15,1303.691,22073.182,16.931,7526.12,5.773,,,,,21307.36,16.344,4241.194,3.253,-11001.493,-8.439
04/10/2026,2026-10-04,71,[16:30-16:45[,2026-10-04 15:30,1298.622,8045.105,6.195,5893.115,4.538,,,,,8384.72,6.457,3214.869,2.476,-9447.599,-7.275
04/10/2026,2026-10-04,72,[16:45-17:00[,2026-10-04 15:45,1262.97,-10635.687,-8.421,2291.518,1.814,,,,,5240.79,4.15,3156.715,2.499,-21324.71,-16.885
04/10/2026,2026-10-04,73,[17:00-17:15[,2026-10-04 16:00,1245.587,1653.988,1.328,1508.598,1.211,,,,,5400.5,4.336,2187.155,1.756,-7442.264,-5.975
04/10/2026,2026-10-04,74,[17:15-17:30[,2026-10-04 16:15,1261.452,483.31,0.383,1101.841,0.873,,,,,5730.56,4.543,2045.552,1.622,-8394.643,-6.655
04/10/2026,2026-10-04,75,[17:30-17:45[,2026-10-04 16:30,1287.601,-2312.749,-1.796,1044.514,0.811,,,,,6574.87,5.106,2015.132,1.565,-11947.265,-9.279
04/10/2026,2026-10-04,76,[17:45-18:00[,2026-10-04 16:45,1312.426,-800.534,-0.61,809.954,0.617,,,,,10083.04,7.683,2030.487,1.547,-13724.015,-10.457
04/10/2026,2026-10-04,77,[18:00-18:15[,2026-10-04 17:00,1340.409,4342.533,3.24,1058.23,0.789,,,,,7475.68,5.577,2031.118,1.515,-6222.494,-4.642
04/10/2026,2026-10-04,78,[18:15-18:30[,2026-10-04 17:15,1365.042,3256.6,2.386,1122.68,0.822,,,,,12007.57,8.796,2000.837,1.466,-11874.487,-8.699
04/10/2026,2026-10-04,79,[18:30-18:45[,2026-10-04 17:30,1394.511,4913.688,3.524,1226.649,0.88,,,,,12489.64,8.956,1940.754,1.392,-10743.355,-7.704
04/10/2026,2026-10-04,80,[18:45-19:00[,2026-10-04 17:45,1428.016,16200.089,11.344,1337.65,0.937,,,,,11296.32,7.91,1940.599,1.359,1625.521,1.138
04/10/2026,2026-10-04,81,[19:00-19:15[,2026-10-04 18:00,1470.498,11205.961,7.621,1392.631,0.947,,,,,8637.13,5.874,1936.262,1.317,-760.062,-0.517
04/10/2026,2026-10-04,82,[19:15-19:30[,2026-10-04 18:15,1523.924,7027.949,4.612,1412.958,0.927,,,,,8992.68,5.901,1940.622,1.273,-5318.311,-3.49
04/10/2026,2026-10-04,83,[19:30-19:45[,2026-10-04 18:30,1568.846,8721.512,5.559,1357.568,0.865,,,,,7821,4.985,1906.9,1.215,-2363.956,-1.507
04/10/2026,2026-10-04,84,[19:45-20:00[,2026-10-04 18:45,1575.852,7013.659,4.451,1140.594,0.724,,,,,6666,4.23,1897.237,1.204,-2690.172,-1.707
04/10/2026,2026-10-04,85,[20:00-20:15[,2026-10-04 19:00,1564.979,8330.043,5.323,1129.721,0.722,,,,,7106,4.541,1882.563,1.203,-1788.241,-1.143
04/10/2026,2026-10-04,86,[20:15-20:30[,2026-10-04 19:15,1545.179,14538.154,9.409,1153.849,0.747,,,,,6399.25,4.141,1916.87,1.241,5068.185,3.28
04/10/2026,2026-10-04,87,[20:30-20:45[,2026-10-04 19:30,1536.418,10459.682,6.808,1162.434,0.757,,,,,6175.62,4.019,1908.211,1.242,1213.417,0.79
04/10/2026,2026-10-04,88,[20:45-21:00[,2026-10-04 19:45,1517.671,10511.427,6.926,1163.957,0.767,,,,,6047.45,3.985,1918.736,1.264,1381.284,0.91
04/10/2026,2026-10-04,89,[21:00-21:15[,2026-10-04 20:00,1480.462,15049.123,10.165,1160.151,0.784,,,,,7440.16,5.026,1918.113,1.296,4530.699,3.06
04/10/2026,2026-10-04,90,[21:15-21:30[,2026-10-04 20:15,1452.051,9852.773,6.785,1160.412,0.799,,,,,7293.65,5.023,1894.137,1.304,-495.426,-0.341
04/10/2026,2026-10-04,91,[21:30-21:45[,2026-10-04 20:30,1427.581,9585.807,6.715,1163.21,0.815,,,,,6216.37,4.354,1914.701,1.341,291.526,0.204
04/10/2026,2026-10-04,92,[21:45-22:00[,2026-10-04 20:45,1414.883,10705.003,7.566,1166.746,0.825,,,,,6184.67,4.371,1903.173,1.345,1450.414,1.025
04/10/2026,2026-10-04,93,[22:00-22:15[,2026-10-04 21:00,1400.684,11430.826,8.161,1166.592,0.833,,,,,6496.9,4.638,1913.453,1.366,1853.881,1.324
04/10/2026,2026-10-04,94,[22:15-22:30[,2026-10-04 21:15,1378.384,10218.535,7.413,1166.715,0.846,,,,,6437.38,4.67,1918.394,1.392,696.046,0.505
04/10/2026,2026-10-04,95,[22:30-22:45[,2026-10-04 21:30,1359.553,9520.999,7.003,1166.763,0.858,,,,,6444.61,4.74,1920.114,1.412,-10.487,-0.008
04/10/2026,2026-10-04,96,[22:45-23:00[,2026-10-04 21:45,1336.658,8525.622,6.378,1166.763,0.873,,,,,6301.28,4.714,1844.189,1.38,-786.61,-0.588
