mes,dias,quartos,pt_medio,pt_min,pt_max,pt_desvio,es_medio,spread_pt_es,horas_negativas,bd_v,bd_f,bs_v,bs_f,td_v,td_c,td_p,ts_v,ts_c,ts_p
01/2010,31,2976,27.74,0.0,180.3,20.06,29.09,-1.35,0,14.68,37.06,16.07,38.22,14.68,32.8,47.73,16.07,34.86,47.41
02/2010,28,2688,27.75,0.0,92.5,14.87,27.64,0.11,0,20.11,33.21,19.56,34.52,20.11,30.05,41.11,19.56,31.51,42.57
03/2010,31,2972,20.14,0.0,180.3,15.07,19.66,0.48,0,12.44,25.62,13.6,25.2,12.44,22.57,33.25,13.6,21.77,34.97
04/2010,30,2880,26.17,0.0,52.5,12.15,27.43,-1.26,0,22.06,29.1,20.77,30.44,22.06,27.92,32.05,20.77,29.71,34.12
05/2010,31,2976,37.15,0.1,51.68,8.13,37.3,-0.14,0,34.2,39.26,32.95,40.92,34.2,38.58,40.96,32.95,40.37,43.78
06/2010,30,2880,40.8,10.0,55.98,7.25,40.12,0.67,0,36.82,43.64,36.23,44.41,36.82,43.04,45.12,36.23,43.65,48.27
07/2010,31,2976,43.98,26.5,64.99,4.65,42.91,1.07,0,40.8,46.26,40.89,46.52,40.8,45.93,47.07,40.89,45.84,50.01
08/2010,31,2976,44.46,29.92,55.55,5.33,42.93,1.53,0,40.64,47.19,40.6,47.75,40.64,46.78,48.22,40.6,47.29,50.12
09/2010,30,2880,48.4,29.02,69.56,6.59,46.45,1.94,0,43.86,51.64,43.72,52.1,43.86,50.91,53.46,43.72,51.64,54.4
10/2010,31,2980,44.15,0.5,57.21,8.67,42.6,1.56,0,40.88,46.5,39.15,48.66,40.88,45.61,48.73,39.15,48.51,49.45
11/2010,30,2880,41.53,0.1,86.75,12.11,40.97,0.56,0,35.42,45.89,35.17,46.56,35.42,44.12,50.3,35.17,44.89,51.0
12/2010,31,2976,44.99,0.0,103.5,14.35,46.36,-1.37,0,36.69,50.92,37.52,50.79,36.69,48.95,55.85,37.52,48.94,55.68
01/2011,31,2976,41.26,0.0,100.0,15.78,41.18,0.08,0,33.05,47.12,34.93,46.94,33.05,45.08,52.21,34.93,45.01,52.2
02/2011,28,2688,47.91,20.0,64.5,7.38,48.03,-0.12,0,44.12,50.61,43.62,51.44,44.12,49.55,53.26,43.62,50.72,53.39
03/2011,31,2972,47.33,0.5,60.9,6.65,46.71,0.62,0,43.96,49.73,43.7,50.13,43.96,48.77,52.12,43.7,49.39,52.31
04/2011,30,2880,46.85,17.07,61.26,6.52,45.45,1.4,0,44.28,48.68,43.22,49.88,44.28,47.91,50.59,43.22,49.6,51.36
05/2011,31,2976,49.02,0.5,58.17,6.37,48.89,0.13,0,46.72,50.65,45.54,51.97,46.72,50.22,51.74,45.54,51.77,53.02
06/2011,30,2880,50.65,30.23,59.5,4.45,50.01,0.64,0,48.23,52.38,48.27,52.54,48.23,52.08,53.12,48.27,52.29,53.79
07/2011,31,2976,51.15,28.07,64.89,5.58,50.81,0.34,0,48.01,53.4,47.6,54.34,48.01,53.03,54.31,47.6,53.93,56.5
08/2011,31,2976,53.6,31.05,68.21,5.25,53.54,0.07,0,50.16,56.06,50.1,56.32,50.16,55.69,57.0,50.1,55.92,58.35
09/2011,30,2880,58.58,30.05,75.36,7.92,58.49,0.09,0,53.0,62.57,52.26,63.58,53.0,61.85,64.36,52.26,63.17,65.68
10/2011,31,2980,59.21,10.07,82.5,10.19,57.45,1.76,0,53.17,63.54,52.67,65.1,53.17,62.63,65.82,52.67,64.63,67.49
11/2011,30,2880,49.09,0.1,91.01,13.39,48.37,0.72,0,42.73,53.64,40.62,55.79,42.73,51.98,57.78,40.62,54.27,59.84
12/2011,31,2976,50.66,10.0,89.9,9.74,50.06,0.6,0,44.49,55.07,44.51,55.7,44.49,54.03,57.69,44.51,55.04,57.48
01/2012,31,2976,51.94,0.0,79.0,10.96,51.07,0.87,0,45.21,56.75,45.24,57.64,45.21,55.6,59.62,45.24,56.78,59.93
02/2012,29,2784,55.27,3.0,90.13,12.81,53.48,1.79,0,47.02,61.16,46.29,62.53,47.02,58.85,66.95,46.29,60.6,67.67
03/2012,31,2972,49.12,10.0,73.25,10.66,47.57,1.55,0,43.71,52.97,42.08,54.87,43.71,51.08,57.69,42.08,53.39,59.44
04/2012,30,2880,43.97,0.13,70.52,11.39,41.2,2.77,0,41.57,45.68,39.97,47.44,41.57,43.81,50.36,39.97,46.36,53.0
05/2012,31,2976,44.53,7.07,69.69,10.07,43.59,0.94,0,41.71,46.55,39.2,48.67,41.71,45.46,49.26,39.2,48.13,51.41
06/2012,30,2880,53.53,22.06,70.2,7.57,53.49,0.03,0,50.66,55.57,49.04,57.28,50.66,54.54,58.13,49.04,56.28,62.48
07/2012,31,2976,50.35,15.07,70.0,7.88,50.29,0.06,0,46.94,52.79,45.27,54.67,46.94,52.04,54.66,45.27,53.95,58.38
08/2012,31,2976,49.31,10.06,66.1,7.12,49.31,-0.0,0,45.99,51.68,45.02,52.64,45.99,51.2,52.88,45.02,52.26,54.59
09/2012,30,2880,48.53,7.13,70.01,10.24,47.63,0.9,0,43.46,52.16,43.23,53.41,43.46,51.41,54.01,43.23,53.16,54.76
10/2012,31,2980,46.06,0.0,75.9,12.8,45.6,0.46,0,41.16,49.56,38.54,51.91,41.16,48.71,51.7,38.54,51.23,55.02
11/2012,30,2880,42.43,0.0,76.37,13.97,42.11,0.32,0,34.54,48.06,35.14,48.2,34.54,46.72,51.41,35.14,47.18,50.89
12/2012,31,2976,42.16,0.5,84.2,18.15,41.72,0.45,0,33.53,48.33,34.34,49.19,33.53,46.7,52.41,34.34,47.87,52.83
01/2013,31,2976,48.54,0.0,87.54,18.74,50.52,-1.97,0,37.47,56.45,36.85,57.61,37.47,54.6,61.1,36.85,55.47,63.26
02/2013,28,2688,43.72,0.0,90.0,18.23,45.03,-1.31,0,37.46,48.19,34.91,51.0,37.46,45.88,53.96,34.91,49.14,55.97
03/2013,31,2972,22.76,0.0,90.0,19.95,25.86,-3.1,0,16.6,27.15,16.76,28.14,16.6,25.02,32.47,16.76,25.64,34.97
04/2013,30,2880,16.15,0.0,90.0,18.22,18.23,-2.08,0,12.44,18.79,9.34,21.52,12.44,17.52,21.97,9.34,20.9,24.69
05/2013,31,2976,43.24,16.7,60.98,8.26,43.44,-0.2,0,40.53,45.17,38.9,46.6,40.53,44.34,47.26,38.9,45.97,49.78
06/2013,30,2880,41.71,4.93,57.25,11.07,40.88,0.83,0,37.38,44.8,35.11,47.78,37.38,44.06,46.66,35.11,47.3,50.33
07/2013,31,2976,51.41,21.77,68.69,9.64,51.17,0.24,0,46.13,55.18,44.65,56.64,46.13,54.71,56.36,44.65,56.27,58.55
08/2013,31,2976,48.12,22.82,62.8,7.8,48.1,0.03,0,42.85,51.89,42.58,52.66,42.85,51.4,53.11,42.58,52.21,55.01
09/2013,30,2880,50.67,20.56,72.0,11.29,50.19,0.48,0,44.39,55.15,43.28,57.1,44.39,54.21,57.51,43.28,56.57,59.79
10/2013,31,2980,51.6,3.05,79.99,12.97,51.51,0.09,0,44.38,56.77,44.03,57.49,44.38,55.82,59.14,44.03,57.18,58.85
11/2013,30,2880,42.09,0.0,72.08,12.94,41.79,0.3,0,35.24,46.98,35.74,47.4,35.24,45.6,50.44,35.74,46.26,50.52
12/2013,31,2976,62.95,0.0,112.0,31.1,63.6,-0.65,0,52.04,70.74,55.91,68.93,52.04,68.74,75.72,55.91,67.79,71.95
01/2014,31,2976,31.48,0.0,96.3,20.57,33.62,-2.15,0,21.1,38.89,20.12,40.29,21.1,36.49,44.89,20.12,37.83,46.79
02/2014,28,2688,15.36,0.0,110.0,18.26,17.09,-1.73,0,6.93,21.38,7.71,21.68,6.93,17.91,30.04,7.71,18.59,29.96
03/2014,31,2972,26.23,0.0,90.0,16.89,26.7,-0.47,0,21.55,29.56,18.29,33.33,21.55,27.52,34.64,18.29,31.27,39.11
04/2014,30,2880,26.38,2.98,50.0,11.34,26.46,-0.08,0,23.64,28.33,20.31,31.18,23.64,27.16,31.25,20.31,30.55,34.38
05/2014,31,2976,42.47,12.0,72.9,9.05,42.41,0.06,0,39.33,44.71,38.93,45.37,39.33,43.88,46.8,38.93,44.89,47.86
06/2014,30,2880,51.2,7.0,69.99,11.37,50.96,0.24,0,47.58,53.79,44.08,57.4,47.58,52.79,56.31,44.08,56.68,61.09
07/2014,31,2976,48.28,24.56,64.02,8.92,48.22,0.06,0,43.47,51.72,41.49,53.55,43.47,50.97,53.59,41.49,52.92,56.76
08/2014,31,2976,49.9,32.0,65.03,6.7,49.9,0.0,0,46.06,52.64,45.22,54.1,46.06,51.74,54.89,45.22,53.4,57.73
09/2014,30,2880,58.92,35.28,76.96,9.01,58.89,0.02,0,52.67,63.38,52.15,64.27,52.67,62.24,66.22,52.15,63.8,66.68
10/2014,31,2980,55.4,16.01,99.77,15.22,55.13,0.27,0,45.45,62.53,45.02,63.47,45.45,61.15,65.96,45.02,62.55,67.42
11/2014,30,2880,46.92,5.99,90.0,15.81,46.76,0.16,0,37.95,53.32,37.11,55.94,37.95,51.79,57.14,37.11,54.32,60.37
12/2014,31,2976,47.72,8.25,72.69,12.85,47.5,0.21,0,39.51,53.58,38.57,54.81,39.51,52.71,55.76,38.57,53.91,57.2
01/2015,31,2976,51.77,5.0,85.05,13.99,51.54,0.22,0,43.31,57.81,43.0,58.95,43.31,55.84,62.75,43.0,57.15,63.86
02/2015,28,2688,42.61,4.0,82.01,16.48,42.61,0.0,0,34.92,48.1,32.0,51.37,34.92,45.47,54.67,32.0,49.25,57.05
03/2015,31,2972,43.2,4.13,77.15,10.69,43.12,0.09,0,37.91,46.97,36.81,48.62,37.91,45.09,51.66,36.81,47.25,52.47
04/2015,30,2880,45.52,12.2,69.49,12.23,45.36,0.16,0,41.54,48.36,38.42,51.14,41.54,46.9,52.01,38.42,50.63,53.72
05/2015,31,2976,45.19,18.85,67.01,9.65,45.13,0.06,0,42.18,47.34,40.37,49.53,42.18,46.27,50.02,40.37,49.05,52.0
06/2015,30,2880,54.75,28.56,67.57,7.63,54.74,0.02,0,50.4,57.86,49.23,59.12,50.4,57.08,59.8,49.23,58.54,62.07
07/2015,31,2976,59.59,39.91,72.48,8.16,59.53,0.06,0,54.3,63.38,52.82,64.85,54.3,62.53,65.48,52.82,64.12,68.54
08/2015,31,2976,55.61,10.28,71.69,10.0,55.6,0.01,0,50.53,59.24,48.06,62.39,50.53,58.15,61.96,48.06,61.69,66.04
09/2015,30,2880,51.92,12.0,68.48,8.76,51.87,0.04,0,47.95,54.75,46.94,55.85,47.95,53.72,57.34,46.94,55.36,58.34
10/2015,31,2980,49.89,21.19,68.48,9.03,49.89,-0.0,0,44.22,53.95,44.19,54.57,44.22,53.1,56.09,44.19,54.15,56.43
11/2015,30,2880,51.48,16.6,85.0,11.52,51.22,0.26,0,44.92,56.17,43.71,58.24,44.92,54.94,59.25,43.71,57.21,60.98
12/2015,31,2976,52.89,13.94,78.69,12.58,52.59,0.31,0,45.11,58.45,44.49,59.41,45.11,57.09,61.84,44.49,58.26,62.46
01/2016,31,2976,36.38,2.3,66.0,13.97,36.51,-0.14,0,29.03,41.63,28.37,43.57,29.03,40.33,44.88,28.37,42.37,46.86
02/2016,29,2784,27.33,0.0,57.0,13.1,27.48,-0.15,0,21.87,31.23,18.8,34.22,21.87,29.58,35.36,18.8,32.72,38.22
03/2016,31,2972,27.69,4.5,59.81,10.1,27.8,-0.11,0,24.84,29.73,23.21,31.16,24.84,28.33,33.23,23.21,30.05,34.41
04/2016,30,2880,23.49,4.0,58.0,8.13,24.1,-0.61,0,20.77,25.43,18.4,27.75,20.77,24.56,27.62,18.4,27.42,29.5
05/2016,31,2976,24.96,2.79,43.51,10.14,25.79,-0.83,0,22.09,27.01,17.81,31.04,22.09,26.48,28.32,17.81,30.68,32.86
06/2016,30,2880,38.29,18.77,48.0,5.69,38.91,-0.62,0,37.01,39.2,35.56,40.45,37.01,38.76,40.3,35.56,40.15,41.98
07/2016,31,2976,40.36,25.29,48.69,4.75,40.53,-0.16,0,37.26,42.57,37.22,43.18,37.26,42.3,43.26,37.22,42.91,44.63
08/2016,31,2976,41.13,25.97,48.95,4.65,41.15,-0.02,0,38.45,43.04,37.85,43.67,38.45,42.67,43.97,37.85,43.49,44.61
09/2016,30,2880,43.62,31.92,52.48,4.94,43.6,0.02,0,40.85,45.6,40.08,46.42,40.85,45.12,46.79,40.08,46.15,47.78
10/2016,31,2980,52.78,30.0,69.88,8.27,52.83,-0.05,0,48.42,55.92,47.05,57.95,48.42,55.3,57.45,47.05,57.59,59.75
11/2016,30,2880,56.27,10.88,73.87,9.88,56.15,0.12,0,50.29,60.53,49.2,61.86,50.29,59.32,63.57,49.2,60.98,64.18
12/2016,31,2976,60.27,35.2,75.0,9.36,60.49,-0.21,0,54.03,64.73,53.42,65.89,54.03,63.8,67.06,53.42,65.29,67.52
01/2017,31,2976,71.54,40.8,101.99,13.89,71.51,0.03,0,63.41,77.35,62.08,79.58,63.41,75.92,80.92,62.08,78.45,82.6
02/2017,28,2688,51.35,8.0,79.11,10.93,51.7,-0.35,0,45.32,55.66,44.19,57.26,45.32,54.08,59.61,44.19,55.92,60.86
03/2017,31,2972,43.94,26.02,57.57,6.98,43.18,0.76,0,41.74,45.51,39.65,47.26,41.74,44.48,48.06,39.65,46.65,49.08
04/2017,30,2880,44.18,26.6,58.8,7.34,43.69,0.49,0,42.21,45.59,40.83,47.26,42.21,44.76,47.65,40.83,46.91,49.13
05/2017,31,2976,47.15,29.15,57.15,6.18,47.14,0.01,0,45.48,48.35,44.01,49.59,45.48,47.67,50.03,44.01,49.36,50.75
06/2017,30,2880,50.21,37.47,60.15,5.27,50.21,0.0,0,47.91,51.86,47.21,52.58,47.91,51.47,52.84,47.21,52.37,53.68
07/2017,31,2976,48.61,37.12,56.94,4.57,48.64,-0.03,0,45.96,50.49,45.44,51.45,45.96,50.04,51.62,45.44,51.14,53.06
08/2017,31,2976,47.43,28.0,56.05,5.5,47.45,-0.02,0,44.45,49.56,43.87,50.19,44.45,49.25,50.34,43.87,50.0,51.14
09/2017,30,2880,49.17,33.25,59.69,5.51,49.16,0.01,0,47.43,50.41,46.39,51.49,47.43,49.7,52.19,46.39,51.24,52.81
10/2017,31,2980,56.97,35.65,71.42,7.7,56.77,0.2,0,52.78,59.97,51.99,61.22,52.78,59.22,61.85,51.99,61.03,62.12
11/2017,30,2880,59.39,30.59,79.62,9.95,59.22,0.17,0,53.84,63.36,53.1,64.37,53.84,62.25,66.15,53.1,63.51,66.65
12/2017,31,2976,59.43,12.6,90.0,14.69,57.85,1.58,0,52.32,64.51,51.89,66.21,52.32,63.11,68.0,51.89,65.06,69.33
01/2018,31,2976,51.68,13.51,70.88,10.55,50.05,1.63,0,46.2,55.59,46.38,55.79,46.2,54.42,58.52,46.38,54.99,57.9
02/2018,28,2688,54.97,37.0,74.15,7.89,54.87,0.1,0,50.49,58.17,50.31,58.82,50.49,56.79,61.61,50.31,57.84,61.44
03/2018,31,2972,39.74,2.3,70.0,14.77,40.17,-0.43,0,35.28,42.91,33.65,44.71,35.28,41.25,47.06,33.65,42.8,50.6
04/2018,30,2880,42.67,5.0,66.61,10.16,42.68,-0.01,0,40.62,44.14,37.85,46.86,40.62,43.06,46.84,37.85,46.58,48.32
05/2018,31,2976,55.11,28.69,67.67,9.35,54.94,0.17,0,53.62,56.17,52.07,57.46,53.62,55.65,57.45,52.07,57.26,58.51
06/2018,30,2880,58.48,41.98,66.26,5.03,58.45,0.02,0,56.86,59.63,55.81,60.71,56.86,59.22,60.66,55.81,60.48,61.94
07/2018,31,2976,61.84,49.83,68.99,4.03,61.88,-0.04,0,59.79,63.31,58.97,64.29,59.79,63.04,64.0,58.97,64.03,65.61
08/2018,31,2976,64.3,47.05,75.18,5.67,64.33,-0.04,0,60.6,66.94,60.35,67.37,60.6,66.65,67.67,60.35,67.16,68.39
09/2018,30,2880,71.29,50.42,81.82,5.34,71.26,0.02,0,68.35,73.38,68.0,74.3,68.35,73.07,74.17,68.0,74.21,74.81
10/2018,31,2980,65.39,36.33,84.13,8.95,65.09,0.3,0,60.47,68.92,59.33,70.11,60.47,68.33,70.4,59.33,69.68,72.1
11/2018,30,2880,62.01,34.38,75.56,8.01,61.96,0.04,0,56.37,66.03,56.58,66.3,56.37,65.2,68.13,56.58,65.69,67.9
12/2018,31,2976,61.86,45.7,71.97,6.51,61.81,0.06,0,56.85,65.45,57.44,65.83,56.85,64.96,66.66,57.44,65.42,66.96
01/2019,31,2976,62.66,41.1,74.74,7.46,61.96,0.7,0,57.86,66.09,57.91,66.35,57.86,65.23,68.24,57.91,65.74,67.95
02/2019,28,2688,54.73,16.2,70.66,8.33,54.02,0.71,0,51.25,57.21,49.73,58.85,51.25,55.88,60.53,49.73,57.98,61.2
03/2019,31,2972,49.21,18.91,61.41,7.17,48.82,0.38,0,47.15,50.67,46.1,51.99,47.15,49.67,53.17,46.1,51.36,53.69
04/2019,30,2880,50.65,5.0,62.48,9.15,50.4,0.25,0,48.94,51.88,48.03,52.73,48.94,51.04,53.97,48.03,52.36,54.61
05/2019,31,2976,48.75,24.04,59.66,7.49,48.39,0.36,0,47.19,49.86,45.12,51.56,47.19,48.88,52.31,45.12,51.2,53.4
06/2019,30,2880,47.2,26.73,59.01,4.67,47.18,0.02,0,46.64,47.59,45.88,48.41,46.64,46.8,49.57,45.88,48.18,49.6
07/2019,31,2976,51.46,39.1,58.98,4.79,51.46,-0.0,0,49.03,53.2,48.1,54.07,49.03,52.74,54.37,48.1,53.8,55.44
08/2019,31,2976,44.96,32.0,53.84,5.01,44.96,0.0,0,43.09,46.29,42.23,47.19,43.09,45.84,47.42,42.23,47.15,47.43
09/2019,30,2880,42.15,25.0,56.86,7.06,42.12,0.03,0,39.79,43.83,39.06,44.84,39.79,43.32,45.12,39.06,44.72,45.45
10/2019,31,2980,47.19,30.0,61.23,6.89,47.16,0.04,0,44.51,49.12,43.71,49.9,44.51,48.57,50.49,43.71,49.6,51.22
11/2019,30,2880,42.12,5.95,65.64,11.03,42.19,-0.06,0,37.01,45.78,36.38,46.93,37.01,44.68,48.52,36.38,46.07,49.28
12/2019,31,2976,33.68,0.01,62.81,15.11,33.81,-0.13,0,27.63,38.0,27.4,39.02,27.63,37.1,40.25,27.4,37.96,41.85
01/2020,31,2976,40.9,14.0,60.11,8.05,41.08,-0.18,0,36.32,44.18,36.27,44.5,36.32,43.11,46.83,36.27,43.68,46.66
02/2020,29,2784,36.03,9.04,50.77,7.67,35.86,0.17,0,33.57,37.78,32.06,39.42,33.57,36.49,41.01,32.06,38.49,41.99
03/2020,31,2972,27.86,5.64,48.28,6.99,27.75,0.12,0,25.81,29.32,24.94,30.34,25.81,28.19,32.15,24.94,29.57,32.49
04/2020,30,2880,17.75,1.95,31.01,6.4,17.63,0.12,0,16.67,18.51,15.69,19.38,16.67,17.83,20.23,15.69,19.42,19.16
05/2020,31,2976,21.4,1.02,36.19,7.15,21.3,0.11,0,21.14,21.59,19.41,23.2,21.14,21.09,22.84,19.41,23.15,23.44
06/2020,30,2880,30.65,13.0,42.09,6.29,30.62,0.02,0,30.57,30.71,28.43,32.41,30.57,30.14,32.12,28.43,32.19,33.53
07/2020,31,2976,34.63,18.5,45.97,5.88,34.63,-0.0,0,32.43,36.2,30.58,37.77,32.43,35.81,37.18,30.58,37.58,38.75
08/2020,31,2976,36.12,20.2,51.77,5.85,36.2,-0.08,0,33.96,37.67,32.29,39.56,33.96,37.09,39.11,32.29,39.44,40.22
09/2020,30,2880,41.92,12.0,59.07,8.96,41.95,-0.03,0,38.95,44.05,36.69,46.06,38.95,43.41,45.66,36.69,45.99,46.41
10/2020,31,2980,36.42,1.95,54.08,10.69,36.54,-0.12,0,33.56,38.48,30.87,40.99,33.56,37.74,40.31,30.87,40.57,42.8
11/2020,30,2880,42.11,8.0,62.38,8.51,41.96,0.15,0,37.92,45.11,37.69,45.97,37.92,44.4,46.89,37.69,45.44,47.36
12/2020,31,2976,42.04,1.95,68.9,12.46,41.97,0.07,0,35.49,46.72,35.69,46.97,35.49,45.54,49.67,35.69,46.06,49.36
01/2021,31,2976,60.63,0.16,121.24,27.03,60.1,0.53,0,50.7,67.72,47.34,72.56,50.7,65.28,73.83,47.34,70.35,78.57
02/2021,28,2688,28.24,0.0,73.26,19.33,28.54,-0.3,0,21.61,32.98,18.58,36.22,21.61,29.86,40.77,18.58,34.13,41.83
03/2021,31,2972,45.42,4.04,84.0,15.52,45.48,-0.06,0,43.35,46.89,39.43,50.04,43.35,44.46,52.96,39.43,48.74,53.74
04/2021,30,2880,64.95,0.9,90.71,15.04,65.04,-0.08,0,65.36,64.66,59.79,69.04,65.36,63.34,67.98,59.79,68.76,70.45
05/2021,31,2976,67.15,0.01,96.51,20.95,67.15,-0.0,0,69.39,65.55,60.88,72.78,69.39,63.63,70.35,60.88,72.64,73.56
06/2021,30,2880,83.29,3.84,105.51,12.52,83.31,-0.01,0,83.66,83.03,77.63,87.78,83.66,81.99,85.63,77.63,87.71,88.13
07/2021,31,2976,92.57,2.67,111.09,11.83,92.39,0.18,0,92.89,92.34,88.65,95.79,92.89,91.02,95.67,88.65,95.42,97.73
08/2021,31,2976,106.06,0.9,137.46,17.59,106.01,0.04,0,106.9,105.46,100.67,110.64,106.9,104.01,109.07,100.67,110.84,109.63
09/2021,30,2880,156.66,104.2,223.42,24.05,156.27,0.38,0,155.03,157.82,149.86,162.03,155.03,156.95,159.99,149.86,162.33,160.52
10/2021,31,2980,199.72,15.0,319.03,48.73,199.7,0.02,0,193.74,204.01,182.85,214.92,193.74,202.31,208.27,182.85,216.34,207.49
11/2021,30,2880,193.79,15.0,309.3,44.36,193.72,0.07,0,182.68,201.73,181.28,203.69,182.68,196.47,214.88,181.28,201.7,208.98
12/2021,31,2976,239.07,2.67,409.0,85.27,238.97,0.1,0,216.68,255.07,217.07,256.14,216.68,249.33,269.4,217.07,254.15,261.4
01/2022,31,2976,201.98,14.0,297.33,42.61,201.8,0.18,0,189.8,210.68,186.47,215.91,189.8,204.2,226.86,186.47,212.97,223.92
02/2022,28,2688,200.81,70.0,350.0,41.43,200.31,0.5,0,193.87,205.77,190.35,209.45,193.87,197.04,227.59,190.35,205.97,218.77
03/2022,31,2972,283.22,144.8,651.0,90.53,283.32,-0.1,0,273.77,289.96,266.88,295.86,273.77,280.94,312.51,266.88,290.02,312.89
04/2022,30,2880,191.99,1.03,319.32,68.37,191.5,0.49,0,202.14,184.74,181.5,200.77,202.14,180.33,195.78,181.5,201.8,195.41
05/2022,31,2976,187.17,1.03,265.88,32.87,187.15,0.02,0,194.76,181.75,180.24,193.07,194.76,178.07,190.95,180.24,194.5,185.83
06/2022,30,2880,169.72,50.0,262.6,38.1,169.52,0.2,0,178.9,163.16,166.21,172.5,178.9,159.8,171.57,166.21,173.75,166.14
07/2022,31,2976,143.82,78.09,221.1,22.1,142.67,1.15,0,145.36,142.72,137.83,149.19,145.36,139.84,149.9,137.83,149.4,148.12
08/2022,31,2976,157.32,25.09,253.07,32.23,154.95,2.37,0,165.38,151.57,155.66,158.61,165.38,148.11,160.22,155.66,162.16,140.6
09/2022,30,2880,141.2,1.44,300.0,49.57,141.02,0.18,0,145.44,138.18,131.8,148.65,145.44,132.54,152.25,131.8,151.26,135.36
10/2022,31,2980,127.19,4.11,280.0,44.33,127.19,0.0,0,122.89,130.27,116.3,136.99,122.89,127.99,135.95,116.3,139.18,125.97
11/2022,30,2880,115.4,4.11,217.74,33.48,115.57,-0.18,0,105.28,122.62,105.0,123.62,105.28,116.98,136.73,105.0,120.9,130.83
12/2022,31,2976,96.35,0.0,256.68,59.7,96.75,-0.4,0,80.92,107.37,85.5,105.24,80.92,102.84,118.7,85.5,102.06,113.88
01/2023,31,2976,69.53,0.0,220.0,49.45,69.73,-0.2,0,56.0,79.19,45.33,90.11,56.0,71.3,98.91,45.33,84.43,105.2
02/2023,28,2688,134.25,17.69,189.74,24.1,133.49,0.76,0,130.39,137.0,122.84,143.67,130.39,131.25,151.39,122.84,141.28,150.06
03/2023,31,2972,89.96,0.0,190.0,47.59,89.61,0.35,0,95.12,86.29,88.34,91.22,95.12,78.96,104.63,88.34,88.17,100.34
04/2023,30,2880,77.0,0.0,166.06,42.42,73.77,3.23,0,92.19,66.15,72.51,81.13,92.19,62.03,76.45,72.51,83.64,67.94
05/2023,31,2976,76.07,0.0,148.16,30.62,74.19,1.88,0,86.84,68.37,75.54,76.48,86.84,65.31,76.03,75.54,78.31,67.2
06/2023,30,2880,95.6,45.0,156.13,20.41,93.03,2.56,0,100.74,91.93,93.03,97.63,100.74,90.35,95.88,93.03,99.26,89.36
07/2023,31,2976,93.8,0.0,151.65,23.01,90.47,3.33,0,101.9,88.02,89.89,97.31,101.9,85.78,93.61,89.89,98.57,90.75
08/2023,31,2976,97.88,0.0,180.34,28.8,96.07,1.81,0,105.13,92.7,94.08,100.83,105.13,90.9,97.2,94.08,103.57,86.96
09/2023,30,2880,104.16,4.08,170.0,26.19,103.35,0.81,0,109.52,100.33,99.56,108.01,109.52,99.37,102.71,99.56,110.74,93.77
10/2023,31,2980,89.6,0.0,215.02,44.76,89.88,-0.29,0,89.7,89.52,84.62,93.84,89.7,89.01,90.82,84.62,95.95,83.82
11/2023,30,2880,63.38,0.0,161.99,42.96,63.57,-0.19,0,57.83,67.35,53.87,70.91,57.83,63.28,77.53,53.87,69.09,75.73
12/2023,31,2976,72.15,0.0,174.0,28.85,72.12,0.03,0,65.23,77.09,62.25,81.03,65.23,73.1,87.04,62.25,79.2,86.02
01/2024,31,2976,74.09,0.43,168.35,27.44,74.11,-0.02,0,66.75,79.33,65.02,81.12,66.75,74.82,90.61,65.02,78.78,87.31
02/2024,29,2784,39.76,0.0,181.26,28.43,39.9,-0.14,0,37.35,41.48,35.72,43.03,37.35,37.16,52.27,35.72,40.68,49.29
03/2024,31,2972,19.28,0.0,173.82,27.46,20.3,-1.02,0,19.48,19.14,13.86,24.14,19.48,13.34,33.64,13.86,20.37,34.45
04/2024,30,2880,13.27,-0.63,104.06,22.16,13.72,-0.44,100,16.69,10.83,12.96,13.52,16.69,8.85,15.79,12.96,15.01,5.95
05/2024,31,2976,30.7,-0.66,120.0,26.58,30.36,0.34,27,43.83,21.31,34.49,27.75,43.83,18.88,27.4,34.49,30.24,15.14
06/2024,30,2880,58.21,-2.0,175.55,38.35,56.17,2.03,41,72.76,47.81,52.64,63.33,72.76,45.33,53.99,52.64,66.0,49.31
07/2024,31,2976,74.17,-1.01,142.48,35.08,72.37,1.8,22,90.74,62.34,71.8,76.02,90.74,60.19,67.72,71.8,78.57,63.05
08/2024,31,2976,91.14,-0.95,165.01,37.15,91.08,0.06,3,107.01,79.8,88.92,92.95,107.01,77.93,84.46,88.92,96.09,76.62
09/2024,30,2880,73.59,0.0,176.21,42.34,72.58,1.0,0,87.59,63.58,74.04,73.19,87.59,61.17,69.61,74.04,76.34,57.1
10/2024,31,2980,69.4,-0.01,181.0,34.58,68.53,0.86,3,68.71,69.89,59.93,76.76,68.71,68.48,73.41,59.93,78.57,68.73
11/2024,30,2880,104.65,3.32,193.0,36.18,104.48,0.17,0,101.64,106.79,92.79,114.57,101.64,102.63,117.21,92.79,114.15,115.7
12/2024,31,2976,111.55,0.44,181.0,41.84,111.25,0.3,0,107.3,114.59,97.71,123.33,107.3,109.81,126.54,97.71,122.32,126.01
01/2025,31,2976,96.74,0.0,225.0,48.06,96.69,0.04,0,89.68,101.77,81.26,108.74,89.68,96.0,116.21,81.26,107.0,113.33
02/2025,28,2688,108.17,3.52,240.0,42.81,108.26,-0.09,0,110.95,106.18,100.83,114.23,110.95,94.17,136.2,100.83,110.06,125.4
03/2025,31,2972,52.58,-4.0,197.25,43.59,53.07,-0.5,21,52.31,52.77,44.17,60.1,52.31,42.4,78.69,44.17,55.15,74.0
04/2025,30,2880,25.82,-5.0,170.01,32.07,26.72,-0.9,104,34.22,19.83,25.54,26.05,34.22,16.6,27.9,25.54,29.78,7.02
05/2025,31,2976,25.84,-1.0,134.99,23.07,16.97,8.87,4,28.78,23.73,21.98,29.0,28.78,21.02,30.5,21.98,30.57,20.83
06/2025,30,2880,74.27,-1.21,210.0,49.45,72.69,1.58,10,100.13,55.8,76.45,72.38,100.13,52.63,63.71,76.45,77.72,45.08
07/2025,31,2976,70.07,-1.01,175.49,43.2,69.98,0.09,13,91.77,54.56,72.58,68.12,91.77,51.86,61.33,72.58,73.13,42.69
08/2025,31,2976,68.59,-2.1,170.0,42.15,68.36,0.23,24,92.73,51.34,73.17,64.47,92.73,49.71,55.41,73.17,70.03,35.44
09/2025,30,2880,61.28,-0.99,215.0,42.7,61.14,0.15,14,80.64,47.46,65.41,58.02,80.64,45.1,53.35,65.41,65.0,22.45
10/2025,31,2980,76.39,-2.64,230.0,43.9,75.67,0.72,10,86.57,69.09,71.71,80.03,86.57,67.6,72.84,71.71,83.81,63.76
11/2025,30,2880,59.14,0.0,170.01,37.14,58.71,0.44,0,60.79,57.96,54.39,63.52,60.79,51.38,74.42,54.39,62.57,66.12
12/2025,31,2976,77.93,0.5,165.5,27.88,77.93,0.0,0,72.58,81.76,67.95,85.68,72.58,77.67,91.98,67.95,84.55,88.69
01/2026,31,2976,71.04,-0.5,200.0,42.48,71.53,-0.49,15,64.26,75.89,63.17,77.49,64.26,71.03,88.03,63.17,75.49,82.94
02/2026,28,2688,10.69,-4.0,187.1,20.41,16.45,-5.76,100,7.79,12.76,5.99,14.57,7.79,7.32,26.36,5.99,11.02,24.08
03/2026,31,2972,40.82,-10.0,200.0,45.4,41.73,-0.91,121,45.8,37.28,35.89,45.01,45.8,27.45,61.85,35.89,39.93,59.19
04/2026,30,2880,42.56,-7.51,157.47,41.0,42.58,-0.03,116,64.0,27.24,48.62,37.76,64.0,24.09,35.1,48.62,43.73,7.39
05/2026,31,2976,54.07,-2.1,210.0,47.77,54.22,-0.15,76,84.59,32.26,63.16,45.9,84.59,28.0,42.92,63.16,53.82,4.56
06/2026,30,2880,70.28,-2.0,185.9,51.44,69.62,0.66,66,103.27,46.71,82.84,60.34,103.27,42.39,57.48,82.84,66.75,27.67
07/2026,31,2976,107.05,-2.0,290.0,62.02,104.82,2.23,52,144.9,80.02,115.3,100.65,144.9,75.83,90.51,115.3,107.14,67.74
08/2026,31,2976,121.37,-2.1,268.97,73.44,118.25,3.12,38,171.03,85.89,136.09,108.15,171.03,81.32,97.32,136.09,117.22,60.74
09/2026,11,1056,148.0,0.0,300.0,76.35,147.74,0.34,0,194.66,114.66,175.0,130.44,194.66,114.78,114.36,175.0,144.08,63.26
