mes,dias,consumo_gwh,producao_nac_gwh,renovavel_gwh,hidrica_gwh,hidrica_renov_gwh,eolica_gwh,solar_gwh,biomassa_gwh,gas_natural_gwh,carvao_gwh,outra_termica_gwh,baterias_inj_gwh,bombagem_consumo_gwh,saldo_importador_gwh,pico_consumo_mw,perc_renovavel
01/2010,31,4919.12,5224.27,3664.39,2574.31,2527.31,974.99,7.81,154.28,891.02,511.61,110.25,0.0,23.4,-263.11,9402.7,70.14
02/2010,28,4429.58,4400.21,3010.76,1891.32,1863.32,982.83,8.86,155.75,956.55,295.28,109.61,0.0,36.04,81.44,9046.6,68.42
03/2010,31,4570.04,4591.83,3408.03,2326.46,2298.46,915.4,13.74,180.43,943.5,84.49,127.82,0.0,34.2,31.75,8391.5,74.22
04/2010,30,3992.99,3998.95,2788.54,1988.67,1959.67,616.14,19.06,193.67,898.62,164.26,118.53,0.0,35.71,45.9,7147.5,69.73
05/2010,31,4067.97,4054.32,2390.62,1503.51,1474.51,703.35,23.21,189.55,1319.73,205.09,109.88,0.0,35.39,63.71,7162.0,58.96
06/2010,30,4006.23,3629.22,1709.83,960.92,942.92,548.58,22.84,195.49,1321.96,463.0,116.42,0.0,26.41,415.37,7507.4,47.11
07/2010,31,4455.38,3902.9,1528.42,742.72,725.72,585.25,26.41,191.05,1600.46,633.8,123.21,0.0,22.33,585.73,7911.7,39.16
08/2010,31,4223.36,3658.54,1184.12,457.85,414.85,543.35,23.62,202.29,1399.36,913.81,118.25,0.0,53.25,627.74,7456.3,32.37
09/2010,30,4166.76,3697.71,1070.03,510.14,474.14,386.29,20.3,189.3,1414.58,1058.81,118.29,0.0,49.86,528.83,7454.9,28.94
10/2010,31,4109.78,3576.62,1458.5,572.44,508.44,726.99,16.78,206.29,1241.99,706.56,105.56,0.0,85.12,630.47,7240.5,40.78
11/2010,30,4350.11,4209.67,2029.92,1000.25,925.25,897.01,12.07,195.59,1286.89,681.41,136.45,0.0,82.74,238.54,8928.6,48.22
12/2010,31,4904.06,5309.38,3076.46,1737.44,1715.44,1144.08,9.12,207.81,1184.64,896.43,129.85,0.0,27.29,-362.96,9031.5,57.94
01/2011,31,4910.37,4910.82,3425.66,2302.81,2278.81,919.77,10.3,216.78,1144.25,191.1,125.81,0.0,32.81,50.66,9191.7,69.76
02/2011,28,4327.83,4524.3,2423.53,1448.54,1425.54,809.39,15.42,173.18,1367.05,600.29,110.43,0.0,28.17,-155.82,9063.6,53.57
03/2011,31,4431.15,4471.43,2617.64,1538.69,1508.69,874.96,18.24,215.76,1417.25,285.21,121.32,0.0,36.17,11.69,7979.3,58.54
04/2011,30,3886.89,3454.54,2114.05,1219.76,1180.76,702.34,21.84,209.11,1100.4,96.56,104.53,0.0,53.78,501.53,6855.5,61.2
05/2011,31,4095.3,4191.88,1657.77,985.12,950.12,464.24,25.77,217.64,1631.9,762.25,104.96,0.0,40.62,-45.82,7190.4,39.55
06/2011,30,3970.56,3692.05,1451.55,580.74,546.74,666.12,29.87,208.83,1163.22,931.53,111.74,0.0,42.66,330.43,7364.6,39.32
07/2011,31,4222.15,3860.16,1532.64,435.1,389.1,885.35,31.8,226.4,1141.0,1024.15,116.37,0.0,65.17,437.06,7448.5,39.7
08/2011,31,4001.44,3789.4,1214.2,434.17,384.17,581.13,28.41,220.5,1274.09,1138.53,112.58,0.0,57.39,277.29,6841.0,32.04
09/2011,30,4077.65,3719.15,1165.68,527.69,461.69,458.53,26.21,219.25,1286.95,1086.32,114.19,0.0,81.77,447.72,7224.5,31.34
10/2011,31,4067.47,3823.42,1583.86,612.81,549.81,785.34,24.17,224.55,1042.31,1033.89,100.35,0.0,87.24,341.87,7153.5,41.43
11/2011,30,4108.95,4031.35,2064.13,938.42,859.42,972.01,14.51,218.19,858.32,942.87,87.03,0.0,97.39,187.05,7679.7,51.2
12/2011,31,4398.8,4094.79,1861.89,827.45,735.45,883.6,15.63,227.21,977.93,1077.48,85.47,0.0,114.27,429.23,7971.4,45.47
01/2012,31,4638.15,3867.76,1318.47,499.62,438.62,651.44,20.53,207.89,1312.59,1094.69,81.01,0.0,78.13,860.37,8248.5,34.09
02/2012,29,4375.62,3770.87,1432.07,357.76,290.76,901.21,27.94,212.17,1104.75,1079.65,87.41,0.0,84.13,699.65,8554.4,37.98
03/2012,31,4103.6,3448.69,1374.53,428.32,327.32,796.29,29.5,221.42,813.23,1084.11,75.83,0.0,128.23,795.06,7468.0,39.86
04/2012,30,3825.34,3169.4,1674.72,434.51,333.51,1093.17,22.88,225.16,576.54,756.93,60.22,0.0,133.09,801.0,7003.7,52.84
05/2012,31,3967.01,3320.2,1671.29,723.35,648.35,776.87,32.68,213.38,565.55,949.16,59.2,0.0,88.06,746.72,6956.9,50.34
06/2012,30,3852.61,3282.73,1351.93,466.98,384.98,723.76,36.44,206.75,665.13,1123.82,59.86,0.0,100.9,681.19,7254.3,41.18
07/2012,31,4126.26,3600.08,1274.92,336.45,243.45,765.52,43.62,222.32,961.51,1202.74,67.91,0.0,121.21,656.85,7410.1,35.41
08/2012,31,3874.6,3528.35,1176.43,323.8,246.8,660.21,42.52,226.9,1055.73,1151.98,67.21,0.0,100.59,456.21,6624.6,33.34
09/2012,30,3928.76,3423.25,1204.7,321.55,234.55,728.94,33.74,207.47,1057.3,1004.68,69.57,0.0,103.25,618.35,7080.3,35.19
10/2012,31,3967.49,3279.65,1391.01,547.21,447.21,686.32,29.25,228.23,839.48,885.52,63.64,0.0,121.87,821.48,6943.7,42.41
11/2012,30,4075.46,4063.22,2299.79,967.98,863.98,1199.72,19.16,216.94,666.72,946.56,46.15,0.0,137.05,162.48,7699.3,56.6
12/2012,31,4325.43,3936.05,2202.63,1078.07,921.07,1027.82,19.15,234.6,656.18,876.49,43.75,0.0,191.28,595.35,8160.1,55.96
01/2013,31,4476.51,4696.03,2832.83,1523.44,1402.44,1183.9,18.91,227.58,709.84,993.7,38.66,0.0,162.76,-45.37,8189.4,60.32
02/2013,28,4044.59,4304.12,2662.27,1511.06,1397.06,1027.63,27.21,210.38,581.63,907.5,38.71,0.0,150.26,-98.76,8127.5,61.85
03/2013,31,4305.19,5049.9,3971.34,2244.76,2167.76,1543.99,26.04,233.55,520.93,438.07,42.57,0.0,109.57,-620.33,7700.6,78.64
04/2013,30,3855.48,4463.09,3545.43,2264.38,2220.38,1060.85,41.16,223.04,478.51,360.71,34.44,0.0,69.06,-525.07,7175.4,79.44
05/2013,31,3876.44,3808.35,2224.46,1175.53,1111.53,833.14,46.68,233.11,456.53,1024.36,39.0,0.0,72.53,150.46,6377.7,58.41
06/2013,30,3787.57,3478.67,1783.19,845.74,725.74,786.5,46.95,224.0,501.76,1039.71,34.02,0.0,121.93,440.21,6971.5,51.26
07/2013,31,4262.75,3285.06,1307.28,663.22,571.22,479.37,49.63,207.06,762.06,1088.53,35.19,0.0,104.01,1092.26,7621.4,39.79
08/2013,31,3943.51,3429.97,1488.36,599.5,492.5,723.37,51.77,220.72,553.83,1248.78,32.01,0.0,134.31,657.53,6599.8,43.39
09/2013,30,3957.96,3392.72,1640.04,740.51,639.51,729.12,42.05,229.35,554.4,1060.3,36.98,0.0,132.62,707.4,7005.1,48.34
10/2013,31,4016.68,3624.46,1990.42,954.86,851.86,874.64,33.82,230.1,511.75,985.91,33.38,0.0,128.07,530.36,6966.1,54.92
11/2013,30,4131.71,4100.93,2563.15,1131.87,1034.87,1272.29,30.78,225.21,512.39,896.26,32.14,0.0,130.82,170.84,8087.5,62.5
12/2013,31,4492.04,4329.55,2403.01,1018.69,902.69,1236.37,27.43,236.52,833.78,938.99,37.77,0.0,142.11,316.95,8322.5,55.5
01/2014,31,4575.49,5497.57,4200.49,2411.68,2321.68,1633.23,21.55,224.03,479.5,695.57,32.01,0.0,136.27,-772.8,8076.4,76.41
02/2014,28,4187.7,4927.37,4100.83,2488.69,2433.69,1455.92,26.25,184.96,484.44,259.98,27.12,0.0,60.6,-664.28,8313.4,83.23
03/2014,31,4149.41,4727.64,3580.65,2210.71,2150.71,1157.52,44.42,228.0,464.55,591.53,30.91,0.0,67.32,-496.59,7408.4,75.74
04/2014,30,3822.86,3909.98,2962.93,2053.37,1978.37,714.52,48.18,221.86,403.65,437.82,30.59,0.0,95.65,21.58,7467.3,75.78
05/2014,31,3894.85,3591.48,2111.3,858.48,796.48,1011.23,64.46,239.14,427.93,955.28,34.97,0.0,74.22,386.59,6497.1,58.79
06/2014,30,3819.32,3452.33,1694.3,785.46,728.46,681.57,64.29,219.98,528.58,1151.82,20.62,0.0,69.29,444.28,6864.2,49.08
07/2014,31,4123.38,3508.18,1543.37,579.46,515.46,722.41,74.31,231.19,632.1,1236.86,31.85,0.0,82.07,706.24,7008.7,43.99
08/2014,31,3839.79,3403.24,1552.42,523.8,466.8,764.52,78.34,242.76,546.78,1214.5,32.55,0.0,72.23,517.56,6447.2,45.62
09/2014,30,3939.95,3529.0,1481.78,735.73,666.73,528.2,55.94,230.91,758.09,1187.1,33.03,0.0,85.08,504.96,6884.1,41.99
10/2014,31,4018.55,3725.34,1917.63,855.43,773.43,878.36,46.78,219.07,552.2,1159.73,13.77,0.0,104.95,407.78,7058.8,51.48
11/2014,30,4033.94,4406.68,2666.74,1268.28,1193.28,1227.05,31.32,215.1,557.08,1088.85,19.01,0.0,106.85,-256.79,7415.1,60.52
12/2014,31,4419.86,4451.28,2638.31,1433.89,1323.89,1038.48,39.88,236.05,553.08,1120.24,29.66,0.0,124.96,103.87,8010.6,59.27
01/2015,31,4712.86,4349.85,2337.91,1105.28,1009.28,1060.89,44.47,223.27,709.65,1173.07,33.23,0.0,127.66,500.49,8618.2,53.75
02/2015,28,4230.89,4599.57,3000.81,1380.89,1267.89,1485.71,46.75,200.46,560.0,893.89,31.88,0.0,143.02,-214.58,8507.0,65.24
03/2015,31,4166.34,4302.92,2635.34,1272.68,1174.68,1171.85,66.86,221.96,449.88,1085.1,34.6,0.0,128.39,2.73,7411.2,61.25
04/2015,30,3728.29,3567.7,1812.56,863.11,788.11,758.2,66.12,200.13,676.22,974.92,28.99,0.0,87.1,258.0,6557.1,50.8
05/2015,31,3939.9,3948.4,2152.09,863.91,775.91,1059.55,84.61,232.01,582.76,1095.06,30.5,0.0,118.71,120.17,6714.0,54.51
06/2015,30,3965.87,3646.31,1318.93,587.32,526.32,491.07,82.63,218.9,1008.39,1234.27,23.73,0.0,68.73,397.0,7090.9,36.17
07/2015,31,4281.42,4005.34,1484.35,470.89,395.89,775.62,89.62,223.22,1165.15,1257.57,23.28,0.0,100.01,385.11,7192.7,37.06
08/2015,31,3907.72,3653.76,1376.68,425.4,335.4,724.76,79.66,236.86,934.32,1225.7,27.07,0.0,119.79,383.57,6649.0,37.68
09/2015,30,3883.4,3741.54,1369.95,499.26,422.26,646.12,68.87,232.69,1069.07,1193.32,32.19,0.0,89.9,241.43,6872.9,36.61
10/2015,31,3984.78,4485.9,2099.37,768.17,653.17,1176.61,48.04,221.55,975.74,1265.8,29.99,0.0,149.04,-342.37,6929.1,46.8
11/2015,30,3973.36,3944.43,1746.6,778.96,658.96,835.86,47.86,203.92,903.58,1144.98,29.28,0.0,149.2,187.95,7537.9,44.28
12/2015,31,4189.42,4038.81,1896.29,640.01,511.01,1148.06,34.05,203.17,836.24,1145.92,31.36,0.0,185.43,346.59,7562.1,46.95
01/2016,31,4413.14,5486.05,3725.27,2205.15,2090.15,1416.32,32.66,186.15,706.91,904.95,33.92,0.0,157.08,-902.74,7935.7,67.9
02/2016,29,4205.45,5364.66,4024.82,2385.75,2272.75,1529.81,44.91,177.35,525.73,668.12,32.99,0.0,124.65,-1019.85,8141.5,75.02
03/2016,31,4344.32,4869.89,3344.36,1977.29,1852.29,1191.9,66.05,234.12,544.1,821.04,35.4,0.0,154.67,-357.09,7865.3,68.67
04/2016,30,3981.47,4862.83,3840.63,2513.24,2420.24,1140.53,67.97,211.89,470.66,432.89,25.65,0.0,112.81,-752.85,7317.3,78.98
05/2016,31,3865.76,4665.19,3417.55,2296.4,2204.4,935.64,74.87,202.63,541.21,584.14,30.29,0.0,143.83,-636.44,6564.8,73.26
06/2016,30,3859.06,4324.83,2065.48,1028.91,974.91,798.96,88.15,203.46,1038.57,1136.06,30.72,0.0,55.97,-400.88,6886.2,47.76
07/2016,31,4254.12,4474.67,1711.56,687.65,609.65,761.82,93.41,246.68,1412.01,1241.53,31.57,0.0,97.97,-112.81,7327.0,38.25
08/2016,31,4023.09,4358.51,1702.46,621.28,541.28,829.61,89.43,242.14,1324.56,1220.79,30.7,0.0,88.23,-237.21,6958.9,39.06
09/2016,30,3988.46,4253.1,1610.03,704.28,652.28,646.59,78.69,232.47,1305.64,1255.39,30.04,0.0,63.49,-192.65,7333.9,37.86
10/2016,31,3932.21,4063.6,1645.77,758.23,644.23,713.74,58.83,228.98,1176.43,1102.62,24.78,0.0,151.39,30.13,6983.4,40.5
11/2016,30,4082.26,4548.54,2013.75,722.21,582.21,1155.7,44.7,231.14,1290.3,1083.44,21.05,0.0,171.27,-284.54,7862.1,44.27
12/2016,31,4325.05,4750.99,1975.07,770.14,612.14,1067.24,46.42,249.27,1298.9,1288.69,30.34,0.0,197.91,-217.88,7898.7,41.57
01/2017,31,4722.26,5166.81,2284.34,977.26,827.26,1155.69,48.9,252.48,1431.99,1271.33,29.16,0.0,183.86,-249.28,8771.3,44.21
02/2017,28,4030.42,4809.47,2640.35,1129.86,1044.86,1318.32,44.63,232.55,1131.52,926.27,26.33,0.0,128.21,-640.36,8082.6,54.9
03/2017,31,4239.42,4801.33,2432.9,1045.9,848.9,1271.84,66.93,245.22,1241.16,902.46,27.81,0.0,241.06,-307.08,7597.5,50.67
04/2017,30,3720.02,4141.73,1745.11,662.31,446.31,977.31,82.89,238.59,1115.56,1038.5,26.57,0.0,298.75,-109.65,6704.0,42.13
05/2017,31,3987.45,4369.11,1529.48,575.86,407.86,816.21,84.46,220.95,1408.07,1247.61,15.95,0.0,198.81,-173.17,6867.9,35.01
06/2017,30,4061.67,4466.16,1474.28,458.5,348.5,810.88,88.76,226.14,1648.24,1209.87,23.77,0.0,151.28,-244.69,7669.2,33.01
07/2017,31,4229.65,4815.08,1495.02,385.79,273.79,886.57,94.69,239.97,1986.16,1194.45,27.45,0.0,107.45,-468.93,7372.1,31.05
08/2017,31,4032.12,4897.12,1483.94,422.83,325.83,822.06,92.17,243.89,2063.3,1225.3,27.58,0.0,109.89,-748.59,6977.2,30.3
09/2017,30,3997.61,4372.73,1405.8,359.27,268.27,829.44,83.04,225.06,1639.38,1209.31,27.24,0.0,115.2,-252.28,7067.4,32.15
10/2017,31,4042.55,3864.55,1230.31,319.34,199.34,739.99,68.26,222.71,1308.44,1178.68,27.12,0.0,161.89,348.06,7172.5,31.84
11/2017,30,4072.36,4363.83,1486.75,430.19,237.19,973.4,54.15,222.0,1540.35,1120.68,23.05,0.0,219.15,-62.22,7550.3,34.07
12/2017,31,4502.85,4597.2,2051.41,625.64,389.64,1371.08,44.49,246.2,1181.2,1099.81,28.77,0.0,307.02,224.22,8473.1,44.62
01/2018,31,4699.97,4928.03,2190.01,705.08,548.08,1355.71,46.15,240.07,1522.89,1035.2,22.93,0.0,189.37,-27.04,8454.3,44.44
02/2018,28,4245.72,4411.68,2069.87,799.8,645.8,1148.9,54.65,220.52,1144.26,1022.99,20.57,0.0,196.55,40.35,8793.9,46.92
03/2018,31,4631.91,5781.54,4632.3,2554.13,2399.13,1934.89,57.16,241.11,614.15,358.1,22.0,0.0,249.86,-875.84,8382.2,80.12
04/2018,30,4098.88,4522.32,3550.63,2294.89,2172.89,1093.64,69.41,214.7,585.37,245.87,18.44,0.0,165.82,-235.41,7952.4,78.51
05/2018,31,3987.28,4026.77,2020.25,1090.77,998.77,709.54,80.54,231.41,967.39,927.69,19.43,0.0,96.92,71.36,6876.8,50.17
06/2018,30,3966.1,4537.03,1962.63,1015.22,957.22,690.65,77.65,237.11,1423.4,1071.31,21.69,0.0,66.15,-494.88,7108.0,43.26
07/2018,31,4199.44,4829.32,1806.86,893.75,859.75,597.23,98.07,251.82,1737.88,1231.44,19.15,0.0,24.18,-597.75,7048.3,37.41
08/2018,31,4139.77,4534.77,1685.75,658.93,603.93,740.69,99.15,241.97,1645.96,1127.44,20.61,0.0,62.58,-323.83,7577.9,37.17
09/2018,30,4165.9,4325.3,1447.97,746.56,709.56,424.88,85.7,227.83,1614.68,1207.75,17.9,0.0,43.7,-108.73,7506.3,33.48
10/2018,31,4090.36,4115.09,1863.87,542.62,410.62,1179.27,68.05,205.93,1208.81,894.78,15.64,0.0,163.55,151.49,7350.9,45.29
11/2018,30,4281.95,4671.27,2364.22,848.77,745.77,1365.61,43.96,208.87,1208.78,989.46,5.81,0.0,138.61,-239.43,7928.5,50.61
12/2018,31,4397.83,4610.65,2490.91,1255.32,1100.32,1110.03,48.38,232.18,894.68,1053.41,16.65,0.0,184.47,-17.22,7963.5,54.03
01/2019,31,4816.2,4828.18,2487.8,914.99,779.99,1418.25,57.18,232.38,1164.56,1019.52,21.28,0.0,159.65,160.55,8649.6,51.53
02/2019,28,4119.95,3559.14,1967.47,912.78,807.78,906.41,68.41,184.88,834.77,633.38,18.52,0.0,125.56,701.13,8404.8,55.28
03/2019,31,4168.45,3536.45,2159.95,866.15,758.15,1078.43,92.76,230.61,658.84,591.47,18.19,0.0,138.57,789.16,7774.6,61.08
04/2019,30,3982.89,3875.58,2234.21,880.39,745.39,1179.88,91.28,217.66,991.66,497.17,17.53,0.0,185.43,310.24,7342.2,57.65
05/2019,31,4086.07,3827.89,1991.76,616.65,513.65,1149.93,114.49,213.69,1372.17,343.88,17.07,0.0,131.3,407.64,6996.2,52.03
06/2019,30,3885.9,3680.04,1374.38,300.53,228.53,794.57,111.93,239.35,1681.43,531.47,20.76,0.0,98.2,319.76,6791.4,37.35
07/2019,31,4271.08,4200.79,1465.83,446.6,393.6,712.1,113.69,246.44,1900.15,760.93,20.89,0.0,77.2,160.95,7394.1,34.89
08/2019,31,3973.37,3511.82,1585.59,490.16,382.16,806.92,120.41,276.11,1714.14,84.43,19.66,0.0,110.11,586.88,6649.1,45.15
09/2019,30,4036.23,3615.61,1769.45,654.56,509.56,898.37,105.32,256.2,1630.39,50.01,20.76,0.0,175.33,612.31,7168.8,48.94
10/2019,31,4168.97,3945.46,1815.64,542.83,421.83,1047.58,83.91,262.32,1692.31,296.13,20.39,0.0,154.63,394.67,7394.8,46.02
11/2019,30,4347.94,4838.47,3017.56,1004.59,798.59,1932.7,50.06,236.21,1377.77,224.28,12.86,0.0,272.84,-200.57,8278.9,62.37
12/2019,31,4491.66,5548.92,4128.05,2468.94,2313.94,1498.05,52.96,263.1,1108.9,141.13,15.84,0.0,196.64,-843.55,8419.9,74.39
01/2020,31,4857.0,5572.67,3610.39,2134.36,1968.36,1308.21,62.25,271.58,1654.22,118.04,24.02,0.0,202.9,-496.33,8906.0,64.79
02/2020,29,4126.46,4129.79,2725.18,1680.14,1570.14,806.79,84.68,263.58,1254.33,19.85,20.41,0.0,135.23,146.54,7798.9,65.99
03/2020,31,4147.22,4131.33,2867.93,1366.27,1204.27,1279.23,100.27,284.16,1068.98,7.22,25.2,0.0,196.99,228.15,7659.8,69.42
04/2020,30,3511.58,3216.83,2456.59,1361.95,1194.95,899.15,96.03,266.46,572.54,0.0,20.69,0.0,202.06,511.85,6928.5,76.37
05/2020,31,3551.07,3116.45,2019.32,1087.86,961.86,679.73,128.63,249.11,930.49,16.98,23.65,0.0,149.92,598.74,6210.3,64.8
06/2020,30,3603.8,3257.29,1784.28,707.93,587.93,811.67,134.24,250.44,1324.44,6.29,22.28,0.0,140.92,501.48,6447.3,54.78
07/2020,31,4270.94,3670.87,1510.95,483.7,378.7,724.34,150.58,257.34,1941.95,92.03,20.94,0.0,134.27,747.82,7457.9,41.16
08/2020,31,3947.58,3963.52,1671.3,498.33,375.33,864.18,149.04,282.75,1807.66,339.54,22.02,0.0,192.22,193.59,6979.7,42.17
09/2020,30,4030.78,4344.21,1696.17,664.45,536.45,762.81,121.2,275.72,1938.29,557.47,24.29,0.0,137.92,-160.88,7072.8,39.04
10/2020,31,4076.07,4471.75,2446.82,990.56,841.56,1214.26,107.69,283.31,1621.96,235.44,18.53,0.0,169.45,-210.35,7384.2,54.72
11/2020,30,4130.77,4955.8,2713.49,1309.0,1225.0,1153.49,69.78,265.22,1477.17,665.39,15.74,0.0,110.0,-701.86,7635.2,54.75
12/2020,31,4560.02,4697.35,3326.21,1579.05,1409.05,1563.24,65.57,288.35,1014.95,162.27,23.91,0.0,214.31,97.51,8430.6,70.81
01/2021,31,4983.48,4951.98,3358.37,1719.63,1547.63,1450.53,70.59,289.62,1212.08,187.98,21.54,0.0,238.55,283.32,9882.6,67.82
02/2021,28,3996.34,5075.59,4354.35,2711.16,2571.16,1459.81,71.01,252.37,539.62,25.09,16.54,0.0,209.95,-857.37,8112.3,85.79
03/2021,31,4068.47,4261.68,3196.86,1847.39,1701.39,1070.15,138.17,287.15,869.99,28.32,20.51,0.0,171.01,-9.56,7256.1,75.01
04/2021,30,3742.64,3693.96,2048.93,1118.49,996.49,638.24,125.56,288.64,1375.15,128.59,19.3,0.0,125.43,183.74,6659.3,55.47
05/2021,31,3921.27,3340.9,2127.64,787.92,588.92,1069.73,168.8,300.19,956.32,35.07,22.88,0.0,239.11,831.46,6639.0,63.68
06/2021,30,3842.51,3641.89,1897.52,749.4,651.4,782.96,176.0,287.16,1588.23,36.54,21.59,0.0,113.89,323.8,6771.3,52.1
07/2021,31,4130.04,3659.34,2172.85,801.39,739.39,932.67,212.37,288.42,1335.04,73.36,16.09,0.0,78.05,559.57,7011.3,59.38
08/2021,31,3960.89,3038.12,1691.4,574.2,487.2,699.6,211.61,292.99,1204.82,34.82,20.07,0.0,90.39,1024.29,6735.8,55.67
09/2021,30,4010.98,3440.5,1697.72,525.05,441.05,800.06,169.25,287.36,1576.02,63.04,19.72,0.0,110.82,690.98,7053.9,49.35
10/2021,31,4025.94,3384.22,1829.57,665.59,496.59,907.92,152.3,272.76,1323.45,42.72,19.49,0.0,230.42,882.93,7288.5,54.06
11/2021,30,4286.21,3987.94,2335.06,819.28,673.28,1248.66,125.13,287.99,1411.42,75.64,19.82,0.0,160.89,468.07,8386.0,58.55
12/2021,31,4500.95,4356.52,3023.06,936.82,765.82,1858.38,98.15,300.72,1146.11,0.0,16.36,0.0,219.58,371.76,8444.3,69.39
01/2022,31,4639.12,4077.84,2453.61,890.48,728.48,1280.25,145.4,299.48,1443.62,0.0,18.61,0.0,203.54,771.64,8593.2,60.17
02/2022,28,4112.86,3003.69,1534.92,419.14,215.14,888.47,157.59,273.73,1246.74,0.0,18.03,0.0,258.49,1374.58,8265.7,51.1
03/2022,31,4454.92,4062.86,2558.27,767.26,600.26,1493.45,163.3,301.25,1320.34,0.0,17.25,0.0,200.37,599.59,8191.4,62.97
04/2022,30,4002.11,3534.8,2226.41,758.96,548.96,1146.51,235.51,295.43,1083.41,0.0,14.98,0.0,288.28,764.14,7532.9,62.99
05/2022,31,4048.64,3400.75,1834.56,635.33,433.33,843.04,275.6,282.6,1355.16,0.0,9.03,0.0,237.24,892.44,6758.3,53.95
06/2022,30,3967.27,3237.67,1503.45,352.72,171.72,799.48,271.19,261.05,1544.38,0.0,8.84,0.0,236.95,973.22,7169.2,46.44
07/2022,31,4413.02,3348.82,1546.41,340.84,180.84,766.08,297.28,302.21,1623.1,0.0,19.3,0.0,214.12,1285.54,7888.9,46.18
08/2022,31,4024.3,3173.86,1451.63,308.46,159.46,719.42,292.19,280.56,1552.52,0.0,20.7,0.0,175.06,1032.85,7162.5,45.74
09/2022,30,3989.72,3392.38,1766.27,531.18,344.18,917.7,244.99,259.4,1422.33,0.0,16.78,0.0,258.3,862.17,7279.9,52.07
10/2022,31,4052.9,3477.56,1777.06,399.6,142.6,1189.41,193.01,252.03,1426.72,0.0,16.79,0.0,337.32,920.11,7141.6,51.1
11/2022,30,4179.52,4142.41,2441.25,1014.34,781.34,1277.61,145.25,237.05,1453.93,0.0,14.23,0.0,269.08,313.13,7966.0,58.93
12/2022,31,4423.83,5226.05,4074.12,2265.02,2085.02,1614.86,110.51,263.73,953.42,0.0,18.51,0.0,258.72,-535.99,8140.4,77.96
01/2023,31,4828.72,5342.04,4507.41,2864.22,2642.22,1415.36,187.48,262.36,591.96,0.0,20.67,0.0,317.37,-187.55,9361.9,84.38
02/2023,28,4235.04,4343.92,2808.95,1375.81,1181.81,1174.76,212.92,239.47,1322.62,0.0,18.36,0.0,226.6,124.44,9123.2,64.66
03/2023,31,4406.0,3432.21,2547.2,1057.66,843.66,1151.63,290.52,261.38,649.76,0.0,21.25,0.0,302.32,1285.7,8817.3,74.21
04/2023,30,3774.59,2721.94,1885.4,684.17,412.17,851.31,365.41,256.52,549.46,0.0,15.07,0.0,343.79,1405.93,6994.2,69.27
05/2023,31,3978.26,2942.12,1981.5,510.94,243.94,1131.8,368.64,237.13,675.62,0.0,18.0,0.0,352.61,1397.91,6672.1,67.35
06/2023,30,3999.09,3120.52,1836.36,770.55,587.55,657.03,363.24,228.53,1081.67,0.0,19.5,0.0,210.83,1096.76,7424.3,58.85
07/2023,31,4177.23,3293.31,1851.49,481.87,257.87,921.39,434.95,237.28,1196.28,0.0,21.55,0.0,301.13,1193.34,7166.2,56.22
08/2023,31,4100.39,3186.51,1929.03,512.38,256.38,995.25,421.45,255.94,980.97,0.0,20.52,0.0,312.55,1235.65,7328.3,60.54
09/2023,30,3978.69,3011.02,1673.56,668.17,395.17,726.48,318.36,233.56,1054.4,0.0,10.06,0.0,322.4,1298.3,7221.8,55.58
10/2023,31,4183.11,3832.74,2824.7,1304.96,1020.96,1327.24,242.18,234.31,717.15,0.0,6.89,0.0,328.28,687.85,7644.9,73.7
11/2023,30,4323.99,4676.05,3896.03,2332.74,2124.74,1372.48,197.26,201.55,565.59,0.0,6.43,0.0,262.62,-80.63,8266.2,83.32
12/2023,31,4718.0,4297.37,3489.31,2142.42,1854.42,1201.8,186.18,246.91,506.67,0.0,13.39,0.0,344.82,775.4,9240.7,81.2
01/2024,31,4904.11,4976.71,3999.6,2592.42,2324.42,1219.72,200.67,254.79,687.11,0.0,22.01,0.0,310.47,246.9,9739.3,80.37
02/2024,29,4271.33,4584.08,3824.31,2093.63,1766.63,1524.95,261.02,271.71,411.59,0.0,21.17,0.0,403.56,100.4,8545.6,83.43
03/2024,31,4524.08,5517.83,4675.35,2849.53,2487.53,1586.09,320.0,281.72,459.26,0.0,21.21,0.0,476.65,-507.06,8899.1,84.73
04/2024,30,3946.03,4353.29,3806.01,2329.36,1967.36,1142.74,423.16,272.75,164.15,0.0,21.14,0.0,423.14,26.6,8313.8,87.43
05/2024,31,4072.49,3392.48,2895.74,1333.11,983.11,1087.23,527.56,297.84,125.58,0.0,21.17,0.0,446.05,1136.97,7163.9,85.36
06/2024,30,3938.85,2724.64,2278.35,1057.92,786.92,732.3,488.86,270.28,157.1,0.0,18.18,0.01,345.99,1569.84,7050.6,83.62
07/2024,31,4313.92,3004.81,2316.08,922.58,629.58,770.43,650.77,265.3,379.5,0.0,16.23,0.0,354.82,1674.04,7723.7,77.08
08/2024,31,4117.49,2981.11,2301.26,775.77,502.77,862.23,648.04,288.22,385.19,0.0,21.65,0.0,347.76,1494.51,7188.6,77.19
09/2024,30,4075.7,3041.67,2287.82,816.66,490.66,1060.9,484.68,251.57,410.53,0.0,17.32,0.0,393.87,1437.61,7634.7,75.22
10/2024,31,4327.43,3800.41,2990.55,1377.72,1018.72,1431.24,319.33,221.26,429.07,0.0,21.8,0.0,447.4,983.98,7721.2,78.69
11/2024,30,4256.0,3848.34,2942.22,1288.39,981.39,1465.08,266.77,228.99,577.37,0.0,21.74,0.01,386.59,803.76,8055.9,76.45
12/2024,31,4659.49,3579.64,2495.58,984.76,659.76,1260.52,317.3,258.01,736.08,0.0,22.97,0.0,407.46,1497.56,9112.1,69.72
01/2025,31,5015.37,4855.92,3877.32,1825.86,1552.86,1798.19,278.46,247.82,684.29,0.0,21.25,0.06,361.96,531.4,9381.2,79.85
02/2025,28,4410.86,4319.62,3505.46,2285.54,2051.54,908.43,332.98,212.51,560.16,0.0,19.96,0.05,282.69,382.55,9082.3,81.15
03/2025,31,4659.99,4984.4,4194.48,2380.91,2039.91,1512.73,409.42,232.41,437.86,0.0,11.05,0.0,471.02,156.35,8993.6,84.15
04/2025,30,3988.96,4375.31,3639.2,2183.37,1797.37,1187.22,425.43,229.19,336.21,0.0,13.75,0.15,459.35,81.83,7709.2,83.18
05/2025,31,4067.9,4206.67,3188.91,1854.51,1525.51,739.13,705.27,219.0,666.93,0.0,21.52,0.31,398.84,268.58,7127.7,75.81
06/2025,30,4109.92,3395.94,2303.05,1046.88,664.88,708.51,715.37,214.29,689.84,0.0,20.28,0.78,461.89,1185.52,7918.5,67.82
07/2025,31,4481.85,3591.79,2458.91,793.04,434.04,996.82,803.34,224.7,752.08,0.0,20.98,0.83,442.87,1342.35,7871.5,68.46
08/2025,31,4254.05,3493.27,2365.99,926.9,558.9,824.83,731.49,250.78,737.37,0.0,20.92,0.99,474.71,1245.36,7885.1,67.73
09/2025,30,4163.64,3620.55,2435.8,936.57,486.57,1085.62,613.36,250.25,714.11,0.0,19.58,1.06,555.39,1109.39,7665.6,67.28
10/2025,31,4378.88,3416.75,2247.83,924.52,560.52,957.03,493.12,237.15,787.36,0.0,16.37,1.2,453.97,1430.24,7898.4,65.79
11/2025,30,4528.76,4131.38,3047.08,1411.74,1080.74,1410.48,328.18,227.68,736.47,0.0,15.88,0.95,414.79,822.04,9022.1,73.75
12/2025,31,4985.08,4600.32,3688.84,2083.78,1810.78,1356.38,270.65,251.04,618.0,0.0,19.77,0.7,341.15,735.54,9412.9,80.19
01/2026,31,5402.05,5470.82,4403.69,2315.3,2024.3,1912.09,239.15,228.15,756.34,0.0,18.94,0.86,365.58,306.89,10268.8,80.49
02/2026,28,4580.52,5132.73,3950.42,2134.35,1923.35,1579.93,264.71,182.42,954.63,0.0,16.17,0.51,295.23,-249.8,9768.6,76.97
03/2026,31,4634.31,4675.0,3618.74,2075.91,1714.91,1240.46,446.12,217.25,672.42,0.0,21.38,1.45,466.1,435.62,9193.6,77.41
04/2026,30,4088.02,3561.24,2518.15,1378.49,912.49,783.51,588.22,233.93,557.28,0.0,18.22,1.58,532.75,1070.49,7864.0,70.71
05/2026,31,4228.55,3664.68,2667.0,1383.5,884.5,831.42,730.24,220.84,478.14,0.0,19.15,1.41,647.46,1223.14,7463.8,72.78
06/2026,30,4237.97,3370.37,2397.41,961.17,499.17,871.77,831.99,194.48,492.97,0.0,16.85,1.15,564.23,1442.91,7671.1,71.13
07/2026,31,4616.11,3605.52,2525.5,1236.7,765.7,641.43,902.58,215.79,586.32,0.0,20.76,1.94,590.19,1613.98,8501.0,70.05
08/2026,31,4301.93,3343.08,2316.48,979.26,506.26,779.52,789.92,240.77,529.15,0.0,20.9,3.55,642.34,1615.72,7726.1,69.29
09/2026,10,1470.8,1115.02,781.57,366.72,244.72,199.35,258.72,78.78,203.6,0.0,6.68,1.16,170.94,531.42,8066.1,70.09
