ano,hora,intensidade_gco2_kwh
2010,00,275.9
2010,01,269.7
2010,02,267.4
2010,03,265.6
2010,04,266.8
2010,05,270.5
2010,06,276.1
2010,07,290.4
2010,08,291.0
2010,09,291.2
2010,10,294.6
2010,11,295.0
2010,12,298.8
2010,13,303.0
2010,14,300.5
2010,15,299.5
2010,16,298.3
2010,17,296.1
2010,18,296.0
2010,19,292.4
2010,20,288.2
2010,21,291.1
2010,22,294.2
2010,23,290.8
2011,00,342.3
2011,01,341.0
2011,02,335.6
2011,03,331.4
2011,04,334.4
2011,05,341.2
2011,06,337.9
2011,07,341.4
2011,08,337.3
2011,09,337.5
2011,10,340.9
2011,11,340.6
2011,12,343.2
2011,13,350.3
2011,14,349.5
2011,15,349.3
2011,16,345.4
2011,17,338.8
2011,18,333.7
2011,19,330.0
2011,20,326.7
2011,21,330.7
2011,22,340.7
2011,23,341.6
2012,00,389.1
2012,01,385.8
2012,02,385.6
2012,03,384.1
2012,04,385.1
2012,05,386.8
2012,06,386.4
2012,07,387.8
2012,08,383.5
2012,09,383.3
2012,10,387.5
2012,11,388.7
2012,12,392.7
2012,13,401.5
2012,14,399.9
2012,15,397.9
2012,16,391.8
2012,17,382.4
2012,18,370.9
2012,19,366.0
2012,20,363.0
2012,21,373.0
2012,22,387.3
2012,23,390.8
2013,00,292.1
2013,01,298.2
2013,02,298.9
2013,03,299.0
2013,04,301.2
2013,05,299.8
2013,06,291.6
2013,07,291.8
2013,08,284.7
2013,09,285.4
2013,10,289.7
2013,11,291.3
2013,12,293.6
2013,13,298.3
2013,14,297.4
2013,15,297.1
2013,16,292.3
2013,17,284.9
2013,18,278.6
2013,19,275.1
2013,20,271.1
2013,21,273.0
2013,22,280.9
2013,23,286.5
2014,00,277.6
2014,01,284.5
2014,02,284.1
2014,03,284.6
2014,04,285.6
2014,05,283.8
2014,06,276.8
2014,07,277.8
2014,08,272.6
2014,09,274.8
2014,10,278.3
2014,11,278.0
2014,12,279.6
2014,13,284.3
2014,14,285.0
2014,15,284.5
2014,16,279.5
2014,17,273.7
2014,18,270.7
2014,19,266.8
2014,20,265.2
2014,21,268.4
2014,22,276.0
2014,23,280.2
2015,00,373.0
2015,01,381.1
2015,02,382.8
2015,03,383.4
2015,04,385.4
2015,05,379.1
2015,06,361.2
2015,07,353.2
2015,08,342.2
2015,09,341.3
2015,10,347.5
2015,11,352.3
2015,12,357.1
2015,13,369.9
2015,14,375.0
2015,15,374.5
2015,16,368.5
2015,17,354.7
2015,18,342.9
2015,19,334.0
2015,20,329.0
2015,21,340.1
2015,22,356.3
2015,23,368.8
2016,00,302.1
2016,01,308.5
2016,02,310.0
2016,03,310.0
2016,04,310.8
2016,05,307.3
2016,06,298.2
2016,07,296.8
2016,08,292.4
2016,09,293.4
2016,10,296.9
2016,11,300.4
2016,12,303.0
2016,13,308.7
2016,14,311.3
2016,15,310.5
2016,16,304.4
2016,17,294.9
2016,18,287.2
2016,19,284.1
2016,20,283.2
2016,21,289.6
2016,22,296.8
2016,23,300.4
2017,00,400.8
2017,01,406.3
2017,02,408.4
2017,03,409.8
2017,04,410.1
2017,05,407.2
2017,06,389.1
2017,07,378.4
2017,08,368.9
2017,09,371.2
2017,10,380.6
2017,11,384.5
2017,12,387.1
2017,13,399.5
2017,14,404.6
2017,15,403.8
2017,16,396.8
2017,17,380.2
2017,18,364.8
2017,19,356.3
2017,20,349.0
2017,21,365.9
2017,22,384.8
2017,23,389.2
2018,00,329.1
2018,01,331.8
2018,02,331.3
2018,03,330.0
2018,04,334.2
2018,05,334.3
2018,06,321.2
2018,07,312.5
2018,08,305.7
2018,09,307.1
2018,10,312.4
2018,11,316.5
2018,12,320.4
2018,13,329.5
2018,14,333.6
2018,15,333.5
2018,16,326.6
2018,17,315.4
2018,18,303.0
2018,19,294.4
2018,20,292.9
2018,21,304.6
2018,22,321.6
2018,23,326.7
2019,00,267.0
2019,01,263.6
2019,02,262.0
2019,03,262.1
2019,04,266.6
2019,05,274.6
2019,06,271.7
2019,07,271.8
2019,08,270.0
2019,09,275.6
2019,10,282.5
2019,11,284.2
2019,12,285.9
2019,13,295.0
2019,14,296.3
2019,15,293.5
2019,16,286.0
2019,17,273.5
2019,18,261.3
2019,19,254.2
2019,20,250.1
2019,21,266.0
2019,22,279.9
2019,23,273.6
2020,00,230.9
2020,01,233.8
2020,02,235.5
2020,03,236.3
2020,04,238.8
2020,05,238.5
2020,06,231.0
2020,07,229.3
2020,08,226.5
2020,09,229.0
2020,10,234.2
2020,11,236.7
2020,12,237.9
2020,13,247.3
2020,14,254.5
2020,15,253.4
2020,16,245.0
2020,17,228.6
2020,18,213.5
2020,19,203.7
2020,20,201.3
2020,21,214.0
2020,22,232.5
2020,23,233.2
2021,00,195.5
2021,01,198.0
2021,02,198.7
2021,03,199.4
2021,04,202.1
2021,05,201.8
2021,06,190.2
2021,07,185.9
2021,08,189.4
2021,09,199.1
2021,10,205.9
2021,11,209.1
2021,12,212.4
2021,13,214.7
2021,14,215.4
2021,15,214.1
2021,16,208.7
2021,17,196.0
2021,18,182.1
2021,19,173.1
2021,20,173.3
2021,21,186.4
2021,22,203.2
2021,23,200.4
2022,00,223.8
2022,01,228.5
2022,02,230.9
2022,03,232.1
2022,04,232.9
2022,05,229.7
2022,06,216.0
2022,07,206.6
2022,08,209.4
2022,09,214.3
2022,10,216.1
2022,11,215.7
2022,12,214.5
2022,13,216.3
2022,14,218.8
2022,15,220.6
2022,16,218.9
2022,17,209.0
2022,18,200.4
2022,19,188.2
2022,20,184.9
2022,21,199.8
2022,22,219.4
2022,23,219.8
2023,00,153.7
2023,01,158.1
2023,02,160.9
2023,03,162.7
2023,04,162.8
2023,05,157.8
2023,06,141.2
2023,07,135.0
2023,08,139.8
2023,09,142.6
2023,10,141.3
2023,11,140.4
2023,12,139.3
2023,13,139.7
2023,14,140.9
2023,15,142.5
2023,16,143.0
2023,17,140.4
2023,18,134.7
2023,19,127.4
2023,20,125.6
2023,21,134.1
2023,22,148.1
2023,23,151.2
2024,00,86.6
2024,01,90.5
2024,02,92.7
2024,03,92.9
2024,04,92.2
2024,05,88.2
2024,06,81.7
2024,07,83.2
2024,08,89.4
2024,09,93.9
2024,10,95.9
2024,11,97.3
2024,12,97.8
2024,13,98.9
2024,14,99.4
2024,15,100.0
2024,16,98.4
2024,17,94.2
2024,18,89.3
2024,19,84.0
2024,20,81.8
2024,21,83.8
2024,22,84.5
2024,23,85.2
2025,00,113.5
2025,01,119.7
2025,02,123.7
2025,03,124.4
2025,04,122.0
2025,05,114.4
2025,06,104.0
2025,07,104.1
2025,08,111.6
2025,09,114.0
2025,10,115.0
2025,11,116.2
2025,12,115.7
2025,13,117.3
2025,14,118.4
2025,15,118.8
2025,16,118.1
2025,17,112.1
2025,18,107.7
2025,19,100.8
2025,20,97.0
2025,21,100.0
2025,22,105.3
2025,23,108.0
2026,00,107.5
2026,01,113.0
2026,02,117.8
2026,03,118.2
2026,04,115.9
2026,05,107.8
2026,06,101.2
2026,07,105.5
2026,08,111.6
2026,09,113.5
2026,10,113.9
2026,11,113.3
2026,12,112.2
2026,13,112.4
2026,14,113.0
2026,15,113.9
2026,16,115.1
2026,17,118.7
2026,18,116.0
2026,19,105.1
2026,20,99.6
2026,21,102.8
2026,22,104.2
2026,23,103.6
