mes,dias,intensidade_gco2_kwh,emissoes_kt,producao_gwh,consumo_gwh,saldo_importador_gwh,bombagem_gwh,importacao_perc_consumo,intensidade_min,intensidade_max
01/2010,31,199.4,1041.7,5224.27,4919.12,-263.11,23.4,2.37,77.0,351.5
02/2010,28,200.0,880.0,4400.21,4429.58,81.44,36.04,5.82,63.7,384.3
03/2010,31,158.8,729.1,4591.83,4570.04,31.75,34.2,4.54,61.4,292.5
04/2010,30,189.5,758.0,3998.95,3992.99,45.9,35.71,3.79,62.6,310.5
05/2010,31,241.8,980.3,4054.32,4067.97,63.71,35.39,5.27,128.5,403.1
06/2010,30,326.3,1184.1,3629.22,4006.23,415.37,26.41,12.17,169.7,485.6
07/2010,31,374.0,1459.7,3902.9,4455.38,585.73,22.33,13.69,222.5,562.4
08/2010,31,432.5,1582.4,3658.54,4223.36,627.74,53.25,15.05,248.5,571.6
09/2010,30,461.1,1705.2,3697.71,4166.76,528.83,49.86,13.27,276.8,601.3
10/2010,31,372.4,1331.8,3576.62,4109.78,630.47,85.12,15.7,85.2,583.8
11/2010,30,324.1,1364.3,4209.67,4350.11,238.54,82.74,8.24,89.5,525.5
12/2010,31,284.2,1509.0,5309.38,4904.06,-362.96,27.29,2.34,89.8,498.8
01/2011,31,187.6,921.2,4910.82,4910.37,50.66,32.81,5.43,64.6,361.6
02/2011,28,292.6,1323.6,4524.3,4327.83,-155.82,28.17,3.05,114.9,535.4
03/2011,31,248.3,1110.3,4471.43,4431.15,11.69,36.17,6.66,99.8,374.6
04/2011,30,225.1,777.7,3454.54,3886.89,501.53,53.78,13.96,92.5,397.7
05/2011,31,376.5,1578.2,4191.88,4095.3,-45.82,40.62,5.38,106.3,573.5
06/2011,30,401.6,1482.8,3692.05,3970.56,330.43,42.66,10.31,202.5,555.9
07/2011,31,402.6,1554.1,3860.16,4222.15,437.06,65.17,11.32,171.8,581.9
08/2011,31,450.1,1705.6,3789.4,4001.44,277.29,57.39,9.31,270.6,604.2
09/2011,30,449.2,1670.7,3719.14,4077.65,447.72,81.77,12.54,181.3,612.6
10/2011,31,393.6,1504.9,3823.42,4067.47,341.87,87.24,9.9,111.4,612.5
11/2011,30,332.1,1338.7,4031.35,4108.95,187.05,97.39,7.64,90.3,570.2
12/2011,31,367.6,1505.1,4094.79,4398.8,429.23,114.27,11.57,163.7,595.5
01/2012,31,430.6,1665.5,3867.76,4638.15,860.37,78.13,18.81,110.3,617.8
02/2012,29,412.8,1556.5,3770.87,4375.62,699.65,84.13,16.63,198.8,615.7
03/2012,31,409.4,1411.9,3448.69,4103.6,795.06,128.23,20.0,150.4,616.3
04/2012,30,322.0,1020.7,3169.4,3825.34,801.0,133.09,21.44,93.7,612.4
05/2012,31,353.4,1173.4,3320.2,3967.01,746.72,88.06,19.32,113.5,596.2
06/2012,30,413.6,1357.8,3282.73,3852.61,681.19,100.9,17.85,152.4,607.6
07/2012,31,437.4,1574.6,3600.08,4126.26,656.85,121.21,16.15,208.0,615.2
08/2012,31,447.3,1578.2,3528.35,3874.6,456.21,100.59,12.57,196.7,621.3
09/2012,30,425.2,1455.7,3423.25,3928.76,618.35,103.25,16.3,133.6,625.1
10/2012,31,383.1,1256.6,3279.65,3967.49,821.48,121.87,21.75,108.5,609.7
11/2012,30,300.9,1222.4,4063.22,4075.46,162.48,137.05,7.88,111.0,546.5
12/2012,31,295.5,1162.9,3936.05,4325.43,595.35,191.28,14.53,89.5,618.8
01/2013,31,275.2,1292.6,4696.03,4476.51,-45.37,162.76,4.69,82.3,589.5
02/2013,28,268.0,1153.5,4304.12,4044.59,-98.76,150.26,3.71,97.7,456.9
03/2013,31,152.5,770.1,5049.9,4305.19,-620.33,109.57,0.86,75.5,337.3
04/2013,30,150.9,673.6,4463.09,3855.48,-525.07,69.06,0.94,79.3,394.7
05/2013,31,311.0,1184.2,3808.35,3876.44,150.46,72.53,8.25,136.9,502.7
06/2013,30,346.4,1205.0,3478.67,3787.57,440.21,121.93,13.34,125.9,538.8
07/2013,31,414.6,1361.8,3285.06,4262.75,1092.26,104.01,25.64,249.2,610.9
08/2013,31,406.2,1393.4,3429.97,3943.51,657.53,134.31,17.19,281.8,588.2
09/2013,30,367.7,1247.6,3392.72,3957.96,707.4,132.62,19.04,187.4,554.4
10/2013,31,322.7,1169.7,3624.46,4016.68,530.36,128.07,16.18,125.6,538.8
11/2013,30,268.9,1102.9,4100.93,4131.71,170.84,130.82,8.32,106.7,437.3
12/2013,31,300.0,1298.7,4329.55,4492.04,316.95,142.11,10.15,75.4,580.7
01/2014,31,173.9,956.1,5497.57,4575.49,-772.8,136.27,0.48,76.0,328.8
02/2014,28,119.6,589.1,4927.37,4187.7,-664.28,60.6,0.76,70.9,269.5
03/2014,31,180.8,854.7,4727.64,4149.41,-496.59,67.32,2.19,71.0,399.0
04/2014,30,176.1,688.7,3909.98,3822.86,21.58,95.65,6.19,80.6,341.7
05/2014,31,308.3,1107.3,3591.48,3894.85,386.59,74.22,11.77,121.2,472.2
06/2014,30,376.0,1298.0,3452.33,3819.32,444.28,69.29,12.85,136.7,553.9
07/2014,31,406.1,1424.8,3508.18,4123.38,706.24,82.07,17.42,227.1,611.5
08/2014,31,401.7,1367.2,3403.24,3839.79,517.56,72.23,14.19,277.2,571.7
09/2014,30,410.1,1447.3,3529.0,3939.95,504.96,85.08,14.33,128.9,610.5
10/2014,31,352.7,1314.0,3725.34,4018.55,407.78,104.95,12.2,156.0,579.4
11/2014,30,289.1,1274.0,4406.68,4033.94,-256.79,106.85,3.22,89.8,554.5
12/2014,31,294.8,1312.4,4451.28,4419.86,103.87,124.96,6.68,94.3,510.7
01/2015,31,327.5,1424.6,4349.85,4712.86,500.49,127.66,12.99,88.2,559.2
02/2015,28,245.1,1127.5,4599.57,4230.89,-214.58,143.02,4.12,92.8,540.5
03/2015,31,286.3,1232.1,4302.92,4166.34,2.73,128.39,6.39,87.9,487.8
04/2015,30,344.6,1229.3,3567.7,3728.29,258.0,87.1,11.08,137.9,554.3
05/2015,31,327.9,1294.7,3948.41,3939.9,120.17,118.71,6.9,140.5,535.6
06/2015,30,437.9,1596.6,3646.31,3965.87,397.0,68.73,12.51,204.2,592.5
07/2015,31,422.9,1693.9,4005.34,4281.42,385.11,100.01,10.4,284.4,579.8
08/2015,31,426.5,1558.3,3653.76,3907.72,383.57,119.79,11.69,154.9,609.2
09/2015,30,427.9,1600.8,3741.54,3883.4,241.43,89.9,9.59,107.4,611.5
10/2015,31,361.5,1621.7,4485.9,3984.78,-342.37,149.04,3.67,170.8,584.0
11/2015,30,375.0,1479.2,3944.43,3973.36,187.95,149.2,8.84,101.2,617.8
12/2015,31,358.5,1447.7,4038.81,4189.42,346.59,185.43,11.39,82.2,629.1
01/2016,31,223.3,1225.1,5486.05,4413.14,-902.74,157.08,1.75,50.5,420.8
02/2016,29,176.3,945.6,5364.66,4205.45,-1019.85,124.65,1.02,45.3,398.8
03/2016,31,222.2,1082.2,4869.89,4344.32,-357.09,154.67,4.08,56.9,498.7
04/2016,30,149.8,728.4,4862.83,3981.47,-752.85,112.81,1.24,52.0,348.6
05/2016,31,188.8,881.0,4665.19,3865.76,-636.44,143.83,1.94,49.4,429.4
06/2016,30,357.6,1546.5,4324.83,3859.06,-400.88,55.97,1.95,218.3,516.3
07/2016,31,406.3,1818.1,4474.67,4254.12,-112.81,97.97,5.62,275.1,591.5
08/2016,31,402.8,1755.6,4358.51,4023.09,-237.21,88.23,3.08,223.0,566.0
09/2016,30,416.5,1771.5,4253.1,3988.46,-192.65,63.49,4.15,274.3,603.3
10/2016,31,388.7,1579.5,4063.6,3932.21,30.13,151.39,8.14,219.8,604.8
11/2016,30,356.3,1620.8,4548.54,4082.26,-284.54,171.27,5.41,128.9,575.8
12/2016,31,379.8,1804.2,4750.99,4325.05,-217.88,197.91,6.33,238.3,623.5
01/2017,31,360.2,1861.2,5166.81,4722.26,-249.28,183.86,6.57,233.3,603.0
02/2017,28,297.3,1429.7,4809.47,4030.42,-640.36,128.21,2.73,107.5,510.4
03/2017,31,305.4,1466.4,4801.33,4239.42,-307.08,241.06,5.51,57.9,556.4
04/2017,30,362.7,1502.3,4141.73,3720.02,-109.65,298.75,9.63,87.1,617.8
05/2017,31,412.4,1801.8,4369.11,3987.45,-173.17,198.81,5.88,201.7,604.9
06/2017,30,423.8,1892.6,4466.16,4061.67,-244.69,151.28,3.25,195.3,594.1
07/2017,31,425.9,2050.6,4815.08,4229.65,-468.93,107.45,2.27,301.3,602.3
08/2017,31,431.8,2114.8,4897.12,4032.12,-748.59,109.89,1.25,274.2,596.3
09/2017,30,431.7,1887.5,4372.73,3997.61,-252.28,115.2,3.97,192.0,591.6
10/2017,31,439.1,1696.9,3864.55,4042.55,348.06,161.89,11.21,172.9,637.3
11/2017,30,404.4,1764.6,4363.83,4072.36,-62.22,219.15,7.9,239.7,609.6
12/2017,31,345.8,1589.6,4597.2,4502.85,224.22,307.02,10.7,98.9,557.7
01/2018,31,345.0,1700.4,4928.03,4699.97,-27.04,189.37,7.05,112.7,563.2
02/2018,28,339.8,1499.1,4411.68,4245.72,40.35,196.55,8.48,209.5,553.5
03/2018,31,129.9,750.8,5781.54,4631.91,-875.84,249.86,2.04,44.7,354.0
04/2018,30,137.4,621.2,4522.32,4098.88,-235.41,165.82,4.36,53.3,315.4
05/2018,31,332.6,1339.4,4026.77,3987.28,71.36,96.92,8.76,60.1,565.5
06/2018,30,370.6,1681.3,4537.03,3966.1,-494.88,66.15,2.88,70.7,564.0
07/2018,31,407.0,1965.4,4829.32,4199.44,-597.75,24.18,1.35,281.2,607.5
08/2018,31,403.5,1829.8,4534.77,4139.77,-323.83,62.58,3.32,184.5,583.9
09/2018,30,433.1,1873.2,4325.3,4165.9,-108.73,43.7,4.75,279.4,592.4
10/2018,31,343.5,1413.6,4115.09,4090.36,151.49,163.55,10.33,48.9,609.9
11/2018,30,319.7,1493.3,4671.27,4281.95,-239.43,138.61,6.25,86.8,586.1
12/2018,31,306.2,1411.9,4610.65,4397.83,-17.22,184.47,9.28,130.3,566.8
01/2019,31,313.8,1515.3,4828.18,4816.2,160.55,159.65,10.47,66.9,575.1
02/2019,28,286.3,1019.1,3559.14,4119.95,701.13,125.56,18.3,57.4,513.4
03/2019,31,257.5,910.7,3536.45,4168.45,789.16,138.57,20.86,61.2,527.7
04/2019,30,256.6,994.4,3875.58,3982.89,310.24,185.43,14.28,55.4,534.0
05/2019,31,273.9,1048.4,3827.89,4086.07,407.64,131.3,16.54,59.1,495.0
06/2019,30,367.0,1350.6,3680.04,3885.9,319.76,98.2,12.34,108.5,570.0
07/2019,31,392.9,1650.3,4200.79,4271.08,160.95,77.2,10.1,155.4,585.1
08/2019,31,288.4,1012.8,3511.82,3973.37,586.88,110.11,17.8,122.2,505.2
09/2019,30,261.1,944.0,3615.61,4036.23,612.31,175.33,19.52,97.4,446.2
10/2019,31,297.9,1175.2,3945.46,4168.97,394.67,154.63,15.5,115.0,526.6
11/2019,30,200.5,970.1,4838.47,4347.94,-200.57,272.84,7.62,63.5,556.1
12/2019,31,145.8,809.0,5548.92,4491.66,-843.55,196.64,4.24,44.3,394.3
01/2020,31,189.4,1055.2,5572.67,4857.0,-496.33,202.9,6.17,50.2,384.9
02/2020,29,183.8,759.1,4129.79,4126.46,146.54,135.23,12.03,55.0,352.1
03/2020,31,160.8,664.4,4131.33,4147.22,228.15,196.99,12.98,44.6,355.6
04/2020,30,125.4,403.5,3216.83,3511.58,511.85,202.06,18.92,64.2,294.6
05/2020,31,187.2,583.5,3116.45,3551.07,598.74,149.92,21.34,52.4,397.8
06/2020,30,233.2,759.7,3257.29,3603.8,501.48,140.92,18.57,111.2,372.0
07/2020,31,307.2,1127.7,3670.87,4270.94,747.82,134.27,20.21,165.7,517.1
08/2020,31,321.2,1273.2,3963.52,3947.58,193.59,192.22,14.23,113.7,502.0
09/2020,30,349.3,1517.5,4344.21,4030.78,-160.88,137.92,8.55,85.0,542.9
10/2020,31,247.8,1108.3,4471.75,4076.07,-210.35,169.45,8.44,59.6,504.7
11/2020,30,280.3,1388.9,4955.8,4130.77,-701.86,110.0,4.31,86.2,491.1
12/2020,31,164.3,771.7,4697.35,4560.02,97.51,214.31,10.84,47.9,441.7
01/2021,31,179.8,890.4,4951.98,4983.48,283.32,238.55,12.77,47.6,401.9
02/2021,28,86.5,439.1,5075.59,3996.34,-857.37,209.95,1.77,48.4,253.0
03/2021,31,139.1,592.7,4261.68,4068.47,-9.56,171.01,9.99,54.3,313.8
04/2021,30,243.4,899.0,3693.96,3742.64,183.74,125.43,15.67,71.3,430.1
05/2021,31,185.9,621.2,3340.9,3921.27,831.46,239.11,24.84,60.9,409.9
06/2021,30,253.8,924.4,3641.89,3842.51,323.8,113.89,14.02,60.8,432.6
07/2021,31,227.3,831.6,3659.34,4130.04,559.57,78.05,16.97,66.5,426.7
08/2021,31,240.9,732.0,3038.12,3960.89,1024.29,90.39,27.41,69.3,422.6
09/2021,30,271.3,933.4,3440.5,4010.98,690.98,110.82,19.79,100.9,463.7
10/2021,31,234.4,793.2,3384.22,4025.94,882.93,230.42,24.6,43.3,429.7
11/2021,30,218.9,873.1,3987.94,4286.21,468.07,160.89,15.98,56.8,457.0
12/2021,31,158.3,689.8,4356.52,4500.95,371.76,219.58,13.49,44.1,350.3
01/2022,31,204.0,831.7,4077.84,4639.12,771.64,203.54,19.68,51.2,373.6
02/2022,28,237.7,713.9,3003.69,4112.86,1374.58,258.49,34.0,60.1,426.6
03/2022,31,189.8,771.0,4062.86,4454.92,599.59,200.37,17.86,75.8,392.1
04/2022,30,184.3,651.4,3534.8,4002.11,764.14,288.28,23.35,46.2,419.4
05/2022,31,227.3,773.1,3400.75,4048.64,892.44,237.24,25.06,66.4,433.6
06/2022,30,263.5,853.2,3237.67,3967.27,973.22,236.95,25.85,100.9,423.0
07/2022,31,271.5,909.2,3348.82,4413.02,1285.54,214.12,29.64,160.7,402.0
08/2022,31,273.8,869.1,3173.86,4024.3,1032.85,175.06,26.02,112.2,446.7
09/2022,30,236.7,803.0,3392.38,3989.72,862.17,258.3,23.2,98.6,375.7
10/2022,31,230.3,800.7,3477.56,4052.9,920.11,337.32,24.5,72.6,440.1
11/2022,30,198.5,822.3,4142.41,4179.52,313.13,269.08,13.34,49.8,426.8
12/2022,31,118.3,618.2,5226.05,4423.83,-535.99,258.72,3.64,36.0,355.4
01/2023,31,85.8,458.2,5342.04,4828.72,-187.55,317.37,5.61,36.2,248.0
02/2023,28,177.8,772.2,4343.92,4235.04,124.44,226.6,13.21,47.7,412.6
03/2023,31,129.8,445.4,3432.21,4406.0,1285.7,302.32,30.01,42.8,359.4
04/2023,30,140.4,382.1,2721.94,3774.59,1405.93,343.79,37.56,47.1,432.9
05/2023,31,149.8,440.6,2942.12,3978.26,1397.91,352.61,35.44,46.7,419.6
06/2023,30,204.9,639.4,3120.52,3999.09,1096.76,210.83,29.38,78.6,394.5
07/2023,31,212.1,698.4,3293.31,4177.23,1193.34,301.13,29.21,65.0,383.0
08/2023,31,187.5,597.4,3186.51,4100.39,1235.65,312.55,30.71,49.7,417.3
09/2023,30,204.8,616.7,3011.02,3978.69,1298.3,322.4,33.61,42.6,437.6
10/2023,31,122.0,467.7,3832.74,4183.11,687.85,328.28,22.17,29.2,399.0
11/2023,30,87.4,408.5,4676.05,4323.99,-80.63,262.62,9.4,29.6,263.0
12/2023,31,90.3,388.0,4297.37,4718.0,775.4,344.82,20.91,37.2,216.1
01/2024,31,99.7,496.0,4976.71,4904.11,246.9,310.47,14.11,37.7,267.2
02/2024,29,78.2,358.5,4584.08,4271.33,100.4,403.56,12.7,31.9,183.7
03/2024,31,73.6,405.9,5517.83,4524.08,-507.06,476.65,6.68,33.8,159.1
04/2024,30,56.7,246.7,4353.29,3946.03,26.6,423.14,14.87,36.6,119.1
05/2024,31,63.1,214.1,3392.48,4072.49,1136.97,446.05,29.66,38.7,119.0
06/2024,30,76.6,208.8,2724.64,3938.85,1569.84,345.99,40.0,44.7,164.7
07/2024,31,106.6,320.2,3004.81,4313.92,1674.04,354.82,38.9,47.1,225.6
08/2024,31,110.5,329.4,2981.11,4117.49,1494.51,347.76,36.34,50.5,217.7
09/2024,30,107.1,325.7,3041.67,4075.7,1437.61,393.87,35.6,42.7,267.1
10/2024,31,89.6,340.5,3800.41,4327.43,983.98,447.4,25.24,39.5,211.7
11/2024,30,106.7,410.6,3848.34,4256.0,803.76,386.59,22.18,53.1,301.9
12/2024,31,136.6,488.8,3579.64,4659.49,1497.56,407.46,32.93,52.0,330.6
01/2025,31,99.7,484.1,4855.92,5015.37,531.4,361.96,17.41,47.7,245.5
02/2025,28,96.8,418.2,4319.62,4410.86,382.55,282.69,14.11,39.4,189.1
03/2025,31,74.1,369.2,4984.4,4659.99,156.35,471.02,11.11,39.9,137.3
04/2025,30,71.5,313.0,4375.31,3988.96,81.83,459.35,13.26,41.8,285.0
05/2025,31,113.8,478.7,4206.67,4067.9,268.58,398.84,12.36,69.9,213.2
06/2025,30,138.0,468.8,3395.94,4109.92,1185.52,461.89,30.34,74.1,256.3
07/2025,31,140.2,503.4,3591.79,4481.85,1342.35,442.87,30.87,83.6,279.4
08/2025,31,143.2,500.1,3493.27,4254.05,1245.36,474.71,30.31,80.5,279.6
09/2025,30,134.0,485.0,3620.55,4163.64,1109.39,555.39,28.16,78.8,245.7
10/2025,31,148.7,508.2,3416.75,4378.88,1430.24,453.97,33.24,75.4,330.0
11/2025,30,118.5,489.5,4131.38,4528.76,822.04,414.79,20.2,70.0,294.3
12/2025,31,98.3,452.3,4600.32,4985.08,735.54,341.15,17.37,56.7,223.1
01/2026,31,95.9,524.4,5470.82,5402.05,306.89,365.58,12.59,51.1,218.7
02/2026,28,117.4,602.4,5132.73,4580.52,-249.8,295.23,4.07,73.8,193.3
03/2026,31,102.5,479.3,4675.0,4634.31,435.62,466.1,16.22,64.0,203.0
04/2026,30,115.0,409.6,3561.24,4088.01,1070.49,532.75,29.49,57.3,275.3
05/2026,31,102.6,375.9,3664.68,4228.55,1223.14,647.46,31.51,61.4,195.8
06/2026,30,110.0,370.7,3370.37,4237.97,1442.91,564.23,34.56,67.6,201.2
07/2026,31,119.7,431.5,3605.52,4616.11,1613.98,590.19,35.32,65.5,220.1
08/2026,31,119.4,399.3,3343.07,4301.93,1615.72,642.34,38.17,66.3,217.5
09/2026,11,128.8,153.5,1192.19,1620.56,560.28,180.07,34.9,11.0,240.5
